# Blender v2.79 (sub 0) OBJ File: 'aHatsuneMikuDivaBlank.blend'
# www.blender.org
mtllib garam.mtl
o garam
v -2.173653 10.601330 -0.488036
v -2.178470 10.557660 -0.558697
v -2.302575 10.466860 -0.372279
v -2.184885 10.493300 -0.985964
v -2.171967 10.777050 -1.069374
v -2.166014 10.813160 -1.010347
v -2.227974 10.909360 -1.212230
v -2.143062 10.876960 -0.599911
v -2.262798 10.712360 -0.539160
v -2.143062 10.876960 -0.599911
v -2.178470 10.557660 -0.558697
v -2.268203 10.649060 -1.078278
v -2.184885 10.493300 -0.985964
v -2.166014 10.813160 -1.010347
v -1.735752 10.276140 -0.488011
v -1.732144 10.229880 -0.705181
v -1.616843 10.427600 -0.379300
v -1.684440 10.316240 -1.171727
v -1.827373 10.212630 -1.046589
v 1.735787 10.276140 -0.487393
v 1.616840 10.427600 -0.378724
v 1.732257 10.229880 -0.704564
v 1.684720 10.316240 -1.171127
v 1.827607 10.212630 -1.045936
v -2.186533 10.513110 -1.048530
v -2.302741 10.358910 -1.108318
v -2.135528 10.868640 -0.506633
v -2.258850 11.028070 -0.463139
v -2.186533 10.513110 -1.048530
v -2.184885 10.493300 -0.985964
v -2.272517 10.626450 -1.194521
v -2.272517 10.626450 -1.194521
v -2.166014 10.813160 -1.010347
v 2.302568 10.466860 -0.371458
v 2.173687 10.601330 -0.487261
v 1.616840 10.427600 -0.378724
v 1.675386 10.565620 -0.484389
v 2.173687 10.601330 -0.487261
v 2.261664 10.734960 -0.414013
v 1.675386 10.565620 -0.484389
v 1.573059 10.710410 -0.399235
v 1.573059 10.710410 -0.399235
v 2.261664 10.734960 -0.414013
v 1.659140 10.845570 -0.495107
v 1.573059 10.710410 -0.399235
v 1.659140 10.845570 -0.495107
v 1.569809 10.578130 -1.261376
v 1.644809 10.736210 -1.146964
v 2.135572 10.868640 -0.505873
v 2.258874 11.028070 -0.462334
v 1.551752 11.000980 -0.449130
v 1.659140 10.845570 -0.495107
v 1.551752 11.000980 -0.449130
v 1.644809 10.736210 -1.146964
v 1.548470 10.860810 -1.270116
v 1.548470 10.860810 -1.270116
v 1.551752 11.000980 -0.449130
v 1.664194 11.129990 -0.535522
v 2.302999 10.358910 -1.107497
v 2.186767 10.513110 -1.047750
v 2.302568 10.466860 -0.371458
v 2.173687 10.601330 -0.487261
v 2.261664 10.734960 -0.414013
v 2.173687 10.601330 -0.487261
v 2.272804 10.626450 -1.193710
v 2.186767 10.513110 -1.047750
v 2.261664 10.734960 -0.414013
v 2.272804 10.626450 -1.193710
v 2.135572 10.868640 -0.505873
v 2.172210 10.777050 -1.068599
v 2.172210 10.777050 -1.068599
v 2.272804 10.626450 -1.193710
v 1.569809 10.578130 -1.261376
v 2.135572 10.868640 -0.505873
v 2.172210 10.777050 -1.068599
v 2.258874 11.028070 -0.462334
v 2.228266 10.909360 -1.211436
v 2.228266 10.909360 -1.211436
v 2.172210 10.777050 -1.068599
v 1.644809 10.736210 -1.146964
v 1.684720 10.316240 -1.171127
v 1.716719 10.476090 -1.127434
v 2.302999 10.358910 -1.107497
v 2.186767 10.513110 -1.047750
v 1.716719 10.476090 -1.127434
v 1.569809 10.578130 -1.261376
v 2.186767 10.513110 -1.047750
v 2.272804 10.626450 -1.193710
v 1.644809 10.736210 -1.146964
v 1.548470 10.860810 -1.270116
v 1.675386 10.565620 -0.484389
v 1.716719 10.476090 -1.127434
v 1.684720 10.316240 -1.171127
v 1.573059 10.710410 -0.399235
v 1.569809 10.578130 -1.261376
v 1.716719 10.476090 -1.127434
v 1.627279 11.007860 -1.146012
v 1.664194 11.129990 -0.535522
v 2.117803 11.131460 -0.545892
v 2.117803 11.131460 -0.545892
v 2.258874 11.028070 -0.462334
v 2.153192 11.040800 -1.092208
v 2.228266 10.909360 -1.211436
v 1.627279 11.007860 -1.146012
v 1.548470 10.860810 -1.270116
v 2.199439 10.237170 -1.003360
v 2.302999 10.358910 -1.107497
v 2.228028 10.320560 -0.487305
v 2.302568 10.466860 -0.371458
v 1.616840 10.427600 -0.378724
v 2.199439 10.237170 -1.003360
v 2.302999 10.358910 -1.107497
v 2.228028 10.320560 -0.487305
v 2.302568 10.466860 -0.371458
v -1.616843 10.427600 -0.379300
v -1.675351 10.565620 -0.484987
v -2.302575 10.466860 -0.372279
v -2.173653 10.601330 -0.488036
v -1.675351 10.565620 -0.484987
v -1.573053 10.710410 -0.399797
v -2.173653 10.601330 -0.488036
v -2.261655 10.734960 -0.414819
v -2.261655 10.734960 -0.414819
v -1.573053 10.710410 -0.399797
v -2.135528 10.868640 -0.506633
v -1.659101 10.845570 -0.495699
v -1.659101 10.845570 -0.495699
v -1.573053 10.710410 -0.399797
v -1.644539 10.736210 -1.147551
v -2.258850 11.028070 -0.463139
v -1.551731 11.000980 -0.449683
v -1.551731 11.000980 -0.449683
v -1.659101 10.845570 -0.495699
v -1.548155 10.860810 -1.270668
v -1.551731 11.000980 -0.449683
v -1.548155 10.860810 -1.270668
v -1.627009 11.007860 -1.146592
v -2.261655 10.734960 -0.414819
v -2.262798 10.712360 -0.539160
v -2.173653 10.601330 -0.488036
v -2.178470 10.557660 -0.558697
v -2.135528 10.868640 -0.506633
v -2.143062 10.876960 -0.599911
v -2.261655 10.734960 -0.414819
v -2.262798 10.712360 -0.539160
v -2.302741 10.358910 -1.108318
v -2.186533 10.513110 -1.048530
v -1.684440 10.316240 -1.171727
v -1.716455 10.476090 -1.128046
v -2.272517 10.626450 -1.194521
v -1.716455 10.476090 -1.128046
v -1.569498 10.578130 -1.261936
v -1.569498 10.578130 -1.261936
v -2.272517 10.626450 -1.194521
v -1.644539 10.736210 -1.147551
v -2.171967 10.777050 -1.069374
v -1.644539 10.736210 -1.147551
v -2.171967 10.777050 -1.069374
v -1.548155 10.860810 -1.270668
v -2.227974 10.909360 -1.212230
v -1.684440 10.316240 -1.171727
v -1.675351 10.565620 -0.484987
v -1.716455 10.476090 -1.128046
v -1.573053 10.710410 -0.399797
v -1.716455 10.476090 -1.128046
v -1.569498 10.578130 -1.261936
v -1.569498 10.578130 -1.261936
v -1.644539 10.736210 -1.147551
v -1.664142 11.129990 -0.536116
v -2.117748 11.131460 -0.546647
v -1.664142 11.129990 -0.536116
v -2.152942 11.040800 -1.092976
v -2.117748 11.131460 -0.546647
v -2.258850 11.028070 -0.463139
v -1.627009 11.007860 -1.146592
v -1.548155 10.860810 -1.270668
v -2.152942 11.040800 -1.092976
v -2.227974 10.909360 -1.212230
v -2.199222 10.237170 -1.004145
v -2.302741 10.358910 -1.108318
v -1.684440 10.316240 -1.171727
v -1.735752 10.276140 -0.488011
v -1.616843 10.427600 -0.379300
v -2.227993 10.320560 -0.488100
v -2.302575 10.466860 -0.372279
v -2.227993 10.320560 -0.488100
v -2.302575 10.466860 -0.372279
v -2.199222 10.237170 -1.004145
v -2.302741 10.358910 -1.108318
v -1.630259 4.686030 -0.394454
v -1.703218 4.608030 -0.961797
v -1.667115 4.334960 -0.363520
v -1.733091 4.253670 -0.946712
v -1.667115 4.334960 -0.363520
v -1.058333 4.729450 -0.149501
v -1.077536 4.362250 -0.128764
v 1.630261 4.686030 -0.393873
v 1.058248 4.729450 -0.149124
v 1.667106 4.334960 -0.362926
v 1.077444 4.362250 -0.128381
v 1.667106 4.334960 -0.362926
v 1.703423 4.608030 -0.961190
v 1.733290 4.253670 -0.946094
v 1.058248 4.729450 -0.149124
v 1.630261 4.686030 -0.393873
v 0.985192 4.750250 -0.287658
v 1.505250 4.710950 -0.494695
v 1.703423 4.608030 -0.961190
v 1.548872 4.635250 -1.015447
v 1.548872 4.635250 -1.015447
v 1.703423 4.608030 -0.961190
v 1.733290 4.253670 -0.946094
v 1.577739 4.206930 -0.996171
v 1.577739 4.206930 -0.996171
v 1.733290 4.253670 -0.946094
v 1.667106 4.334960 -0.362926
v 1.544802 4.288600 -0.455167
v 1.077444 4.362250 -0.128381
v 1.011488 4.315370 -0.260662
v 1.011488 4.315370 -0.260662
v 1.077444 4.362250 -0.128381
v 1.058248 4.729450 -0.149124
v 0.985192 4.750250 -0.287658
v -0.985228 4.750250 -0.288009
v -1.505212 4.710950 -0.495231
v -1.058333 4.729450 -0.149501
v -1.630259 4.686030 -0.394454
v -1.548649 4.635250 -1.015999
v -1.703218 4.608030 -0.961797
v -1.703218 4.608030 -0.961797
v -1.548649 4.635250 -1.015999
v -1.577522 4.206930 -0.996734
v -1.733091 4.253670 -0.946712
v -1.733091 4.253670 -0.946712
v -1.577522 4.206930 -0.996734
v -1.544778 4.288600 -0.455718
v -1.667115 4.334960 -0.363520
v -1.011532 4.315370 -0.261023
v -1.077536 4.362250 -0.128764
v -1.077536 4.362250 -0.128764
v -1.011532 4.315370 -0.261023
v -0.985228 4.750250 -0.288009
v -1.058333 4.729450 -0.149501
v 1.956293 2.496740 -1.186685
v 1.767520 1.795740 -1.170138
v 1.545525 2.351020 -1.305359
v 1.545475 1.925840 -1.309828
v 0.772156 1.924750 -1.315366
v 0.497260 1.792680 -1.168105
v 0.766734 2.346380 -1.310287
v 0.306813 2.500270 -1.186038
v -0.771825 1.924750 -1.315642
v -0.766405 2.346380 -1.310560
v -0.496981 1.792680 -1.168283
v -0.306528 2.500270 -1.186148
v -1.956007 2.496740 -1.187383
v -1.545197 2.351020 -1.305909
v -1.767241 1.795740 -1.170770
v -1.545146 1.925840 -1.310380
v -1.371497 1.368530 -1.415199
v -1.374777 1.389470 -0.017859
v -1.767241 1.795740 -1.170770
v -1.800401 1.862960 -0.331574
v -0.917838 1.367880 -1.411977
v -0.496981 1.792680 -1.168283
v -0.926566 1.389010 -0.016638
v -0.450500 1.872400 -0.331334
v 0.918202 1.367880 -1.411650
v 0.926434 1.389010 -0.016308
v 0.497260 1.792680 -1.168105
v 0.450480 1.872400 -0.331173
v 1.371864 1.368530 -1.414709
v 1.767520 1.795740 -1.170138
v 1.374645 1.389470 -0.017369
v 1.800380 1.862960 -0.330933
v 1.120642 3.067720 0.167167
v 0.482560 2.929720 0.119412
v 1.174456 2.564980 1.596856
v 0.549798 2.432590 1.530483
v 1.831888 2.425700 1.528802
v 1.708600 2.929830 0.117201
v -1.832573 2.425700 1.528151
v -1.175163 2.564980 1.596437
v -1.708780 2.929830 0.116592
v -1.120838 3.067720 0.166767
v -0.482741 2.929720 0.119241
v -0.550482 2.432590 1.530288
v -1.612998 3.589080 -0.348740
v -1.067388 3.589050 -0.232653
v -0.477147 3.585350 -0.348267
v 0.477133 3.585350 -0.348097
v 1.067332 3.589050 -0.232272
v 1.612983 3.589080 -0.348166
v 1.011488 4.315370 -0.260662
v 1.544802 4.288600 -0.455167
v 0.974924 5.036650 -0.297649
v 0.985192 4.750250 -0.287658
v 1.481433 4.954630 -0.517379
v 1.505250 4.710950 -0.494695
v -0.974957 5.036650 -0.297997
v -1.481388 4.954630 -0.517907
v -0.985228 4.750250 -0.288009
v -1.505212 4.710950 -0.495231
v -1.011532 4.315370 -0.261023
v -1.544778 4.288600 -0.455718
v -0.678293 1.363520 1.761856
v -0.550482 2.432590 1.530288
v -1.246343 1.738170 2.099244
v -0.678293 1.363520 1.761856
v -1.793063 1.358060 1.757556
v -1.793063 1.358060 1.757556
v -1.246343 1.738170 2.099244
v -1.793063 1.358060 1.757556
v -1.832573 2.425700 1.528151
v -0.886675 2.516050 -1.764292
v -0.697639 2.923300 -2.017239
v -1.328956 2.512240 -1.757431
v -1.505221 2.918310 -2.011862
v -0.974957 5.036650 -0.297997
v -0.468724 4.928440 -0.475276
v -0.582501 4.939700 -0.604986
v -0.448659 4.643711 -1.518083
v -0.572620 4.765710 -1.340395
v -1.405585 4.772340 -1.424563
v -1.314704 4.966330 -0.586657
v -1.481388 4.954630 -0.517907
v -1.708780 2.929830 0.116592
v -1.956007 2.496740 -1.187383
v -0.306528 2.500270 -1.186148
v -0.482741 2.929720 0.119241
v -0.468724 4.928440 -0.475276
v -0.974957 5.036650 -0.297997
v -0.985228 4.750250 -0.288009
v -1.067388 3.589050 -0.232653
v -0.477147 3.585350 -0.348267
v -1.011532 4.315370 -0.261023
v -0.468724 4.928440 -0.475276
v -0.477147 3.585350 -0.348267
v -0.472220 4.029541 -1.565188
v -0.477147 3.585350 -0.348267
v -1.505212 4.710950 -0.495231
v -1.481388 4.954630 -0.517907
v -1.548649 4.635250 -1.015999
v -1.535953 4.663830 -1.556647
v -1.535953 4.663830 -1.556647
v -1.577522 4.206930 -0.996734
v -1.544778 4.288600 -0.455718
v -1.612998 3.589080 -0.348740
v -1.561306 4.026920 -1.590241
v -1.505221 2.918310 -2.011862
v -1.371497 1.368530 -1.415199
v -0.448659 4.643711 -1.518083
v -1.561306 4.026920 -1.590241
v -1.535953 4.663830 -1.556647
v -0.472220 4.029541 -1.565188
v -0.448659 4.643711 -1.518083
v -0.917838 1.367880 -1.411977
v 0.677526 1.363520 1.762098
v 0.549798 2.432590 1.530483
v 1.245457 1.738170 2.099689
v 0.677526 1.363520 1.762098
v 1.792297 1.358060 1.758196
v 1.245457 1.738170 2.099689
v 1.792297 1.358060 1.758196
v 1.792297 1.358060 1.758196
v 1.831888 2.425700 1.528802
v 0.698221 2.923300 -2.016989
v 0.887165 2.516050 -1.763976
v 1.505800 2.918310 -2.011326
v 1.329445 2.512240 -1.756957
v 0.974924 5.036650 -0.297649
v 0.582579 4.939700 -0.604779
v 0.468756 4.928440 -0.475109
v 0.572961 4.765710 -1.340191
v 0.449062 4.643711 -1.517922
v 1.536369 4.663830 -1.556099
v 1.405954 4.772340 -1.424062
v 1.314776 4.966330 -0.586189
v 1.481433 4.954630 -0.517379
v 1.708600 2.929830 0.117201
v 1.956293 2.496740 -1.186685
v 0.306813 2.500270 -1.186038
v 0.482560 2.929720 0.119412
v 0.468756 4.928440 -0.475109
v 0.985192 4.750250 -0.287658
v 0.974924 5.036650 -0.297649
v 1.067332 3.589050 -0.232272
v 1.011488 4.315370 -0.260662
v 0.477133 3.585350 -0.348097
v 0.477133 3.585350 -0.348097
v 0.468756 4.928440 -0.475109
v 0.472640 4.029541 -1.565019
v 0.477133 3.585350 -0.348097
v 1.505250 4.710950 -0.494695
v 1.548872 4.635250 -1.015447
v 1.481433 4.954630 -0.517379
v 1.536369 4.663830 -1.556099
v 1.536369 4.663830 -1.556099
v 1.577739 4.206930 -0.996171
v 1.544802 4.288600 -0.455167
v 1.612983 3.589080 -0.348166
v 1.561734 4.026920 -1.589684
v 1.505800 2.918310 -2.011326
v 1.371864 1.368530 -1.414709
v 0.449062 4.643711 -1.517922
v 1.561734 4.026920 -1.589684
v 0.449062 4.643711 -1.517922
v 0.918202 1.367880 -1.411650
v 0.472640 4.029541 -1.565019
v -0.697639 2.923300 -2.017239
v -1.505221 2.918310 -2.011862
v -1.185931 0.636140 -2.571906
v -1.166544 1.017520 -2.450621
v -0.923275 0.638310 -1.931199
v -1.154579 1.253910 -2.130961
v -1.154590 1.255030 -1.735010
v -1.166587 1.020440 -1.414011
v -1.185979 0.639760 -1.290585
v -1.205358 0.258380 -1.411858
v -1.217331 0.021990 -1.731533
v -1.217309 0.020870 -2.127481
v -1.205323 0.255460 -2.448479
v -1.166544 1.017520 -2.450621
v -1.185931 0.636140 -2.571906
v -1.438134 0.640490 -1.931290
v -1.205323 0.255460 -2.448479
v -1.217309 0.020870 -2.127481
v -1.217331 0.021990 -1.731533
v -1.205358 0.258380 -1.411858
v -1.185979 0.639760 -1.290585
v -1.166587 1.020440 -1.414011
v -1.154590 1.255030 -1.735010
v -1.154579 1.253910 -2.130961
v 1.186710 0.636140 -2.571480
v 0.923826 0.638310 -1.930870
v 1.167278 1.017520 -2.450205
v 1.155201 1.253910 -2.130548
v 1.155070 1.255030 -1.734598
v 1.166953 1.020440 -1.413597
v 1.186302 0.639760 -1.290162
v 1.205722 0.258380 -1.411428
v 1.217810 0.021990 -1.731097
v 1.217930 0.020870 -2.127047
v 1.206058 0.255460 -2.448050
v 1.167278 1.017520 -2.450205
v 1.438685 0.640490 -1.930778
v 1.186710 0.636140 -2.571480
v 1.206058 0.255460 -2.448050
v 1.217930 0.020870 -2.127047
v 1.217810 0.021990 -1.731097
v 1.205722 0.258380 -1.411428
v 1.186302 0.639760 -1.290162
v 1.166953 1.020440 -1.413597
v 1.155070 1.255030 -1.734598
v 1.155201 1.253910 -2.130548
v -1.217584 0.637450 0.929818
v -1.198207 1.018830 1.051103
v -0.954929 0.639610 1.570534
v -1.186233 1.255220 1.370775
v -1.186244 1.256340 1.766726
v -1.198240 1.021750 2.087723
v -1.217634 0.641070 2.211151
v -1.237020 0.259690 2.089866
v -1.248984 0.023300 1.770203
v -1.248973 0.022180 1.374253
v -1.236977 0.256770 1.053256
v -1.198207 1.018830 1.051103
v -1.217584 0.637450 0.929818
v -1.469789 0.645230 1.570445
v -1.236977 0.256770 1.053256
v -1.248973 0.022180 1.374253
v -1.248984 0.023300 1.770203
v -1.237020 0.259690 2.089866
v -1.217634 0.641070 2.211151
v -1.198240 1.021750 2.087723
v -1.186244 1.256340 1.766726
v -1.186233 1.255220 1.370775
v 1.217115 0.637450 0.930254
v 0.954230 0.639610 1.570876
v 1.197693 1.018830 1.051529
v 1.185607 1.255220 1.371199
v 1.185475 1.256340 1.767147
v 1.197358 1.021750 2.088150
v 1.216707 0.641070 2.211585
v 1.236139 0.259690 2.090307
v 1.248214 0.023300 1.770648
v 1.248345 0.022180 1.374698
v 1.236463 0.256770 1.053697
v 1.197693 1.018830 1.051529
v 1.469092 0.645230 1.570969
v 1.217115 0.637450 0.930254
v 1.236463 0.256770 1.053697
v 1.248345 0.022180 1.374698
v 1.248214 0.023300 1.770648
v 1.236139 0.259690 2.090307
v 1.216707 0.641070 2.211585
v 1.197358 1.021750 2.088150
v 1.185475 1.256340 1.767147
v 1.185607 1.255220 1.371199
v -0.332057 10.876510 -1.751901
v 0.332543 10.876510 -1.751783
v -0.426675 10.538830 -1.537398
v 0.427085 10.538830 -1.537246
v -1.021246 10.888270 -1.140829
v 0.000182 10.592000 -1.405132
v -1.158159 11.001890 -1.292459
v -0.332057 10.876510 -1.751901
v 0.332543 10.876510 -1.751783
v -1.158159 11.001890 -1.292459
v -1.268294 10.684800 -1.263258
v -1.310553 11.133110 -0.594425
v -0.995411 10.953400 -0.045949
v -1.310553 11.133110 -0.594425
v -1.268294 10.684800 -1.263258
v -0.000093 11.047000 0.135868
v -1.061822 11.283170 0.074779
v -0.000110 11.341000 0.228868
v -1.061822 11.283170 0.074779
v -0.942956 11.191330 -0.070760
v -0.000110 11.341000 0.228868
v 0.942844 11.191330 -0.070424
v 1.021514 10.888270 -1.140464
v 1.158481 11.001890 -1.292046
v 1.158481 11.001890 -1.292046
v 1.268606 10.684800 -1.262806
v 1.310627 11.133110 -0.593958
v 0.995289 10.953400 -0.045594
v 1.268606 10.684800 -1.262806
v 1.310627 11.133110 -0.593958
v 1.061658 11.283170 0.075157
v 1.061658 11.283170 0.075157
v 1.216241 14.116550 -0.210728
v 1.115316 14.186890 -1.199591
v 1.122755 14.260720 -0.726480
v -1.115027 14.186890 -1.199988
v -1.216305 14.116550 -0.211162
v -1.122635 14.260720 -0.726880
v 1.075186 14.512820 -0.038391
v 1.285481 14.379060 -0.360657
v 1.104035 15.263470 -0.478164
v 1.149515 14.396510 -1.468330
v 1.115316 14.186890 -1.199591
v 0.995853 14.373970 -1.547411
v 1.149515 14.396510 -1.468330
v 0.835243 15.356210 -0.415834
v 1.175137 15.256480 -1.323426
v 0.913497 15.228460 -1.550720
v 1.069693 15.471920 -0.972605
v 0.824142 15.671290 -1.018288
v -1.075311 14.512820 -0.038774
v -1.104004 15.263470 -0.478558
v -1.285490 14.379060 -0.361115
v -1.149127 14.396500 -1.468740
v -0.995439 14.373970 -1.547766
v -1.115027 14.186890 -1.199988
v -1.149127 14.396500 -1.468740
v -0.835233 15.356210 -0.416133
v -1.174804 15.256480 -1.323846
v -0.913082 15.228460 -1.551047
v -1.069485 15.471920 -0.972987
v -0.823918 15.671290 -1.018582
v -1.169156 11.531540 -1.251969
v -0.975691 11.369380 -1.116286
v -1.213477 11.572760 -0.237729
v -0.896875 11.439940 -0.083792
v 1.169464 11.531540 -1.251553
v 1.213424 11.572760 -0.237296
v 0.975950 11.369380 -1.115938
v 0.896766 11.439940 -0.083472
v 0.000173 11.267000 -1.359131
v 0.000218 11.449000 -1.612132
v -0.683614 11.573660 0.192906
v -0.000110 11.646000 0.225868
v -0.000076 11.477000 0.036868
v 0.683406 11.573660 0.193150
v -1.345245 1.817100 -1.765413
v -1.371497 1.368530 -1.415199
v -1.444176 1.926950 -1.640782
v -1.545146 1.925840 -1.310380
v -1.443817 2.359130 -1.634571
v -1.545197 2.351020 -1.305909
v -1.328956 2.512240 -1.757431
v -0.948904 0.702310 -2.167484
v -0.893606 1.815990 -1.760894
v -0.917838 1.367880 -1.411977
v -0.771825 1.924750 -1.315642
v -0.766405 2.346380 -1.310560
v -0.886675 2.516050 -1.764292
v -0.886675 2.516050 -1.764292
v -0.893606 1.815990 -1.760894
v -1.328956 2.512240 -1.757431
v -0.946199 0.424040 -1.741882
v -0.951951 0.431600 -2.067105
v -1.423322 0.430760 -2.064558
v -1.427020 0.422020 -1.736948
v -1.393938 1.095930 -0.966382
v -1.393938 1.095930 -0.966382
v -1.427020 0.422020 -1.736948
v -0.946199 0.424040 -1.741882
v -0.931537 1.095400 -0.965449
v -0.931537 1.095400 -0.965449
v -0.926566 1.389010 -0.016638
v -0.926566 1.389010 -0.016638
v -0.958601 1.006470 0.182755
v -0.958601 1.006470 0.182755
v -0.926566 1.389010 -0.016638
v -1.374777 1.389470 -0.017859
v -1.410323 0.707510 -2.170015
v -1.374777 1.389470 -0.017859
v -1.426751 1.004980 0.181472
v -1.449318 0.483650 0.048578
v -1.441862 0.830170 1.752139
v -1.455184 0.483650 1.876875
v -1.455184 0.483650 1.876875
v -1.449318 0.483650 0.048578
v -0.992403 0.482990 1.879119
v -0.970848 0.483650 0.048663
v -0.931537 1.095400 -0.965449
v -0.970848 0.483650 0.048663
v 1.345736 1.817100 -1.764934
v 1.444624 1.926950 -1.640265
v 1.371864 1.368530 -1.414709
v 1.545475 1.925840 -1.309828
v 1.444262 2.359130 -1.634056
v 1.329445 2.512240 -1.756957
v 1.545525 2.351020 -1.305359
v 0.949538 0.702310 -2.167143
v 0.918202 1.367880 -1.411650
v 0.894096 1.815990 -1.760575
v 0.772156 1.924750 -1.315366
v 0.887165 2.516050 -1.763976
v 0.894096 1.815990 -1.760575
v 0.887165 2.516050 -1.763976
v 1.345736 1.817100 -1.764934
v 1.329445 2.512240 -1.756957
v 0.946682 0.424040 -1.741545
v 0.952550 0.431600 -2.066763
v 1.423919 0.430760 -2.064050
v 1.427501 0.422020 -1.736440
v 1.394142 1.095930 -0.965885
v 1.427501 0.422020 -1.736440
v 1.394142 1.095930 -0.965885
v 0.931744 1.095400 -0.965118
v 0.946682 0.424040 -1.741545
v 0.931744 1.095400 -0.965118
v 0.926434 1.389010 -0.016308
v 0.958398 1.006470 0.183097
v 0.926434 1.389010 -0.016308
v 0.958398 1.006470 0.183097
v 1.426549 1.004980 0.181981
v 1.410958 0.707510 -2.169512
v 1.374645 1.389470 -0.017369
v 1.426549 1.004980 0.181981
v 1.449163 0.483650 0.049095
v 1.454375 0.483650 1.877395
v 1.449163 0.483650 0.049095
v 1.454375 0.483650 1.877395
v 0.970693 0.483650 0.049010
v 1.394142 1.095930 -0.965885
v 0.931744 1.095400 -0.965118
v 0.970693 0.483650 0.049010
v 0.766734 2.346380 -1.310287
v 1.374645 1.389470 -0.017369
v 1.454375 0.483650 1.877395
v 1.441099 0.830170 1.752652
v 0.991596 0.482990 1.879474
v 0.980037 0.826600 1.758512
v 0.980037 0.826600 1.758512
v 1.441099 0.830170 1.752652
v 1.441099 0.830170 1.752652
v 0.991596 0.482990 1.879474
v 1.410958 0.707510 -2.169512
v 0.949538 0.702310 -2.167143
v 1.423919 0.430760 -2.064050
v 0.952550 0.431600 -2.066763
v 0.952550 0.431600 -2.066763
v 1.423919 0.430760 -2.064050
v 0.980037 0.826600 1.758512
v 0.991596 0.482990 1.879474
v -1.393938 1.095930 -0.966382
v -1.426751 1.004980 0.181472
v -0.992403 0.482990 1.879119
v -0.980803 0.826600 1.758163
v -1.455184 0.483650 1.876875
v -1.441862 0.830170 1.752139
v -1.441862 0.830170 1.752139
v -0.980803 0.826600 1.758163
v -0.948904 0.702310 -2.167484
v -1.345245 1.817100 -1.765413
v -1.410323 0.707510 -2.170015
v -0.951951 0.431600 -2.067105
v -1.423322 0.430760 -2.064558
v -1.423322 0.430760 -2.064558
v -0.951951 0.431600 -2.067105
v -0.992403 0.482990 1.879119
v -0.980803 0.826600 1.758163
v -2.143062 10.876960 -0.599911
v -2.166014 10.813160 -1.010347
v -2.314245 10.894420 -0.599855
v -2.322929 10.830610 -1.010295
v -2.322929 10.830610 -1.010295
v -2.166014 10.813160 -1.010347
v -2.184885 10.493300 -0.985964
v -2.352895 10.510760 -0.985909
v -2.352895 10.510760 -0.985909
v -2.184885 10.493300 -0.985964
v -2.178470 10.557660 -0.558697
v -2.346483 10.575120 -0.558641
v -2.346483 10.575120 -0.558641
v -2.178470 10.557660 -0.558697
v -2.143062 10.876960 -0.599911
v -2.314245 10.894420 -0.599855
v -2.352895 10.510760 -0.985909
v -2.346483 10.575120 -0.558641
v -2.322929 10.830610 -1.010295
v -2.314245 10.894420 -0.599855
v -1.174804 15.256480 -1.323846
v -1.149127 14.396500 -1.468740
v -1.670029 15.102270 -1.322847
v -1.701490 14.654470 -1.418476
v -1.670029 15.102270 -1.322847
v -1.972335 14.626530 -0.924704
v -1.706870 15.046560 -0.369860
v -1.804219 14.556860 -0.379964
v -1.701490 14.654470 -1.418476
v -1.928524 13.995630 -1.400253
v -1.928524 13.995630 -1.400253
v -1.196330 13.899470 -1.440129
v -1.185257 14.173210 -1.475285
v -1.804219 14.556860 -0.379964
v -1.352016 13.860590 -0.431020
v -1.706870 15.046560 -0.369860
v -1.104004 15.263470 -0.478558
v -1.104004 15.263470 -0.478558
v -1.352016 13.860590 -0.431020
v -1.285490 14.379060 -0.361115
v -1.664142 11.129990 -0.536116
v -1.453780 11.860980 -1.070251
v -1.594516 12.400140 -0.629058
v -1.479843 12.523350 -1.194702
v -1.435549 13.284300 -0.529669
v -2.164789 11.971170 -1.070948
v -1.915271 12.454500 -0.636306
v -1.989704 12.610380 -1.221701
v -1.910265 13.357820 -0.574951
v -1.918772 13.389420 -1.310461
v -1.989704 12.610380 -1.221701
v -1.918772 13.389420 -1.310461
v -1.479843 12.523350 -1.194702
v -1.786471 12.202240 -1.411273
v -1.453780 11.860980 -1.070251
v -2.152942 11.040800 -1.092976
v -1.627009 11.007860 -1.146592
v -1.627009 11.007860 -1.146592
v -2.117748 11.131460 -0.546647
v -2.152942 11.040800 -1.092976
v 1.804215 14.556860 -0.379321
v 1.972528 14.626530 -0.924001
v 1.706862 15.046560 -0.369252
v 1.670363 15.102270 -1.322253
v 1.185645 14.173210 -1.474863
v 1.196705 13.899470 -1.439703
v 1.285481 14.379060 -0.360657
v 1.352031 13.860590 -0.430538
v -1.069485 15.471920 -0.972987
v -1.394131 15.274570 -0.923793
v -1.887581 13.980790 -0.462526
v -1.366517 13.695940 -0.465520
v -1.887183 13.788910 -0.508239
v -1.912953 13.548510 -0.540934
v -1.352016 13.860590 -0.431020
v -1.196330 13.899470 -1.440129
v -1.285490 14.379060 -0.361115
v -1.185257 14.173210 -1.475285
v 1.149515 14.396510 -1.468330
v 1.701858 14.654470 -1.417869
v 1.185645 14.173210 -1.474863
v 1.196705 13.899470 -1.439703
v 1.104035 15.263470 -0.478164
v 1.394321 15.274570 -0.923297
v 1.285481 14.379060 -0.360657
v 1.352031 13.860590 -0.430538
v 1.104035 15.263470 -0.478164
v 1.104035 15.263470 -0.478164
v 1.352031 13.860590 -0.430538
v 1.706862 15.046560 -0.369252
v 1.670363 15.102270 -1.322253
v 1.175137 15.256480 -1.323426
v 1.928884 13.995630 -1.399565
v 1.804215 14.556860 -0.379321
v -1.887581 13.980790 -0.462526
v -1.122635 14.260720 -0.726880
v -1.285490 14.379060 -0.361115
v -1.185257 14.173210 -1.475285
v -1.122635 14.260720 -0.726880
v -1.149127 14.396500 -1.468740
v -1.351253 13.306990 -1.313643
v -2.164789 11.971170 -1.070948
v -1.786471 12.202240 -1.411273
v 1.928884 13.995630 -1.399565
v 1.664194 11.129990 -0.535522
v 1.594602 12.400140 -0.628490
v 1.454022 11.860980 -1.069733
v 1.480128 12.523350 -1.194173
v 1.435599 13.284300 -0.529157
v 2.165035 11.971170 -1.070176
v 1.990004 12.610380 -1.220992
v 1.915359 12.454500 -0.635623
v 1.910331 13.357820 -0.574270
v 1.919101 13.389420 -1.309776
v 1.919101 13.389420 -1.309776
v 1.990004 12.610380 -1.220992
v 1.351582 13.306990 -1.313161
v 1.480128 12.523350 -1.194173
v 1.786834 12.202240 -1.410635
v 1.454022 11.860980 -1.069733
v 2.153192 11.040800 -1.092208
v 1.627279 11.007860 -1.146012
v 1.627279 11.007860 -1.146012
v 2.117803 11.131460 -0.545892
v 2.153192 11.040800 -1.092208
v 1.069693 15.471920 -0.972605
v 1.887608 13.980790 -0.461854
v 1.887227 13.788910 -0.507567
v 1.366545 13.695940 -0.465033
v 1.394772 13.477110 -0.500091
v 1.887608 13.980790 -0.461854
v 1.122755 14.260720 -0.726480
v 1.185645 14.173210 -1.474863
v 1.285481 14.379060 -0.360657
v 1.122755 14.260720 -0.726480
v 1.149515 14.396510 -1.468330
v 1.351582 13.306990 -1.313161
v 2.153192 11.040800 -1.092208
v 1.786834 12.202240 -1.410635
v 2.165035 11.971170 -1.070176
v -1.664142 11.129990 -0.536116
v -1.594516 12.400140 -0.629058
v -2.117748 11.131460 -0.546647
v -1.915271 12.454500 -0.636306
v -1.910265 13.357820 -0.574951
v -1.309083 13.500330 -1.351477
v -1.923286 13.590140 -1.332622
v -1.253937 13.726490 -1.392951
v -1.928244 13.813340 -1.358783
v -1.928244 13.813340 -1.358783
v -1.923286 13.590140 -1.332622
v -1.912953 13.548510 -0.540934
v -1.887183 13.788910 -0.508239
v -1.309083 13.500330 -1.351477
v -1.253937 13.726490 -1.392951
v -1.394733 13.477110 -0.500588
v -1.366517 13.695940 -0.465520
v -1.394733 13.477110 -0.500588
v -1.351253 13.306990 -1.313643
v -1.435549 13.284300 -0.529669
v 2.117803 11.131460 -0.545892
v 1.915359 12.454500 -0.635623
v 1.664194 11.129990 -0.535522
v 1.594602 12.400140 -0.628490
v 1.435599 13.284300 -0.529157
v 1.910331 13.357820 -0.574270
v 1.254295 13.726490 -1.392503
v 1.928590 13.813340 -1.358096
v 1.309426 13.500330 -1.351011
v 1.923623 13.590140 -1.331937
v 1.923623 13.590140 -1.331937
v 1.928590 13.813340 -1.358096
v 1.887227 13.788910 -0.507567
v 1.913007 13.548510 -0.540251
v 1.913007 13.548510 -0.540251
v 1.394772 13.477110 -0.500091
v 1.366545 13.695940 -0.465033
v 1.309426 13.500330 -1.351011
v 1.254295 13.726490 -1.392503
v 0.000182 10.592000 -1.405132
v -1.021246 10.888270 -1.140829
v 0.000173 11.267000 -1.359131
v -0.975691 11.369380 -1.116286
v -0.975691 11.369380 -1.116286
v -1.021246 10.888270 -1.140829
v -0.896875 11.439940 -0.083792
v -0.942956 11.191330 -0.070760
v -0.000076 11.477000 0.036868
v -0.896875 11.439940 -0.083792
v -0.942956 11.191330 -0.070760
v 1.021514 10.888270 -1.140464
v 0.975950 11.369380 -1.115938
v 1.021514 10.888270 -1.140464
v 0.975950 11.369380 -1.115938
v 0.896766 11.439940 -0.083472
v 0.942844 11.191330 -0.070424
v 0.942844 11.191330 -0.070424
v 0.896766 11.439940 -0.083472
v -1.887581 13.980790 -0.462526
v -1.928524 13.995630 -1.400253
v -1.887183 13.788910 -0.508239
v -1.887581 13.980790 -0.462526
v -1.887183 13.788910 -0.508239
v -1.366517 13.695940 -0.465520
v 1.928884 13.995630 -1.399565
v 1.887608 13.980790 -0.461854
v 1.928590 13.813340 -1.358096
v 1.887227 13.788910 -0.507567
v 1.887227 13.788910 -0.507567
v 1.887608 13.980790 -0.461854
v 1.366545 13.695940 -0.465033
v -1.366517 13.695940 -0.465520
v -1.253937 13.726490 -1.392951
v -1.196330 13.899470 -1.440129
v -1.352016 13.860590 -0.431020
v -1.352016 13.860590 -0.431020
v 1.254295 13.726490 -1.392503
v 1.366545 13.695940 -0.465033
v 1.196705 13.899470 -1.439703
v 1.352031 13.860590 -0.430538
v 1.352031 13.860590 -0.430538
v 1.100749 13.897680 -0.354013
v 1.115316 14.186890 -1.199591
v 1.216241 14.116550 -0.210728
v -1.100760 13.897680 -0.354406
v -1.216305 14.116550 -0.211162
v -1.115027 14.186890 -1.199988
v -0.471671 15.869680 -1.005025
v 0.000178 15.659000 -1.390946
v -0.823918 15.671290 -1.018582
v -0.823918 15.671290 -1.018582
v 0.000178 15.659000 -1.390946
v -0.913082 15.228460 -1.551047
v 1.169464 11.531540 -1.251553
v 0.000218 11.449000 -1.612132
v 1.042910 11.720130 -1.176316
v 0.000165 11.923000 -1.311794
v -1.169156 11.531540 -1.251969
v -1.042629 11.720130 -1.176687
v 0.000180 13.425660 -1.395802
v 0.000165 13.052000 -1.311514
v -0.787803 13.276690 -1.420446
v -0.842265 12.813240 -1.196495
v 0.788170 13.276690 -1.420166
v 0.842553 12.813240 -1.196195
v -0.906643 12.393000 -1.142254
v -1.042592 12.351450 -0.321508
v -0.842265 12.813240 -1.196495
v -0.931256 12.875230 -0.231283
v 0.906912 12.393000 -1.141931
v 0.842553 12.813240 -1.196195
v 1.042568 12.351450 -0.321136
v 0.931201 12.875230 -0.230951
v -0.000091 12.548000 0.121855
v -0.541928 12.540780 0.101559
v -0.000110 11.646000 0.225868
v -0.683614 11.573660 0.192906
v 0.541754 12.540780 0.101752
v 0.683406 11.573660 0.193150
v 0.788170 13.276690 -1.420166
v -0.787803 13.276690 -1.420446
v 0.906912 12.393000 -1.141931
v 0.000149 12.417000 -1.228133
v -0.906643 12.393000 -1.142254
v -1.236288 11.953590 -0.291342
v -1.236288 11.953590 -0.291342
v -1.236288 11.953590 -0.291342
v -1.042629 11.720130 -1.176687
v -1.079293 11.790290 -0.310234
v -0.683614 11.573660 0.192906
v -0.000029 15.329000 -0.222703
v -0.353963 15.469430 -0.515248
v -0.835233 15.356210 -0.416133
v -0.471671 15.869680 -1.005025
v -0.471671 15.869680 -1.005025
v -0.353963 15.469430 -0.515248
v -0.325276 15.886990 -0.551719
v -0.425181 15.997760 -0.967127
v -0.471671 15.869680 -1.005025
v -0.425181 15.997760 -0.967127
v 0.000158 16.061001 -1.275346
v 0.000178 15.659000 -1.390946
v 0.000177 12.167160 -1.380290
v 0.000177 12.167160 -1.380290
v -1.042629 11.720130 -1.176687
v -1.167279 11.958030 -1.354121
v -1.167279 11.958030 -1.354121
v -1.167279 11.958030 -1.354121
v -1.213477 11.572760 -0.237729
v -1.079293 11.790290 -0.310234
v -0.995439 14.373970 -1.547766
v 1.236253 11.953590 -0.290901
v 1.236253 11.953590 -0.290901
v 1.042910 11.720130 -1.176316
v 1.236253 11.953590 -0.290901
v 1.079266 11.790290 -0.309850
v 0.683406 11.573660 0.193150
v 0.471891 15.869680 -1.004856
v 0.824142 15.671290 -1.018288
v 0.824142 15.671290 -1.018288
v 0.913497 15.228460 -1.550720
v 0.835243 15.356210 -0.415834
v 0.354008 15.469430 -0.515121
v 0.471891 15.869680 -1.004856
v 0.354008 15.469430 -0.515121
v 0.471891 15.869680 -1.004856
v 0.325334 15.886990 -0.551604
v 0.425387 15.997760 -0.966976
v 0.425387 15.997760 -0.966976
v 0.471891 15.869680 -1.004856
v 0.000158 16.061001 -1.275346
v 1.167623 11.958030 -1.353704
v 1.042910 11.720130 -1.176316
v 1.167623 11.958030 -1.353704
v 1.167623 11.958030 -1.353704
v 1.213424 11.572760 -0.237296
v 1.079266 11.790290 -0.309850
v 0.995853 14.373970 -1.547411
v 1.075186 14.512820 -0.038391
v 0.835243 15.356210 -0.415834
v 0.424877 14.632620 0.264432
v -0.000029 15.329000 -0.222703
v -0.835233 15.356210 -0.416133
v -1.075311 14.512820 -0.038774
v -0.425109 14.632620 0.264280
v 0.000180 13.425660 -1.395802
v 0.000232 14.252000 -1.692465
v 0.788170 13.276690 -1.420166
v 0.606410 14.525810 -1.870608
v 0.995853 14.373970 -1.547411
v 0.000224 15.179000 -1.646034
v -0.000091 12.548000 0.121855
v -0.000115 13.711000 0.256937
v -0.541928 12.540780 0.101559
v -0.745125 13.621780 0.133021
v 0.541754 12.540780 0.101752
v 0.744940 13.621780 0.133287
v -0.931256 12.875230 -0.231283
v -1.100760 13.897680 -0.354406
v -0.923634 14.002670 0.302037
v -1.216305 14.116550 -0.211162
v -0.000161 13.956000 0.515478
v 0.931201 12.875230 -0.230951
v 1.100749 13.897680 -0.354013
v 0.923389 14.002670 0.302366
v 1.216241 14.116550 -0.210728
v 1.923623 13.590140 -1.331937
v 1.913007 13.548510 -0.540251
v 1.919101 13.389420 -1.309776
v 1.910331 13.357820 -0.574270
v 1.910331 13.357820 -0.574270
v 1.913007 13.548510 -0.540251
v 1.435599 13.284300 -0.529157
v 1.394772 13.477110 -0.500091
v 1.919101 13.389420 -1.309776
v 1.351582 13.306990 -1.313161
v 1.923623 13.590140 -1.331937
v 1.309426 13.500330 -1.351011
v 1.309426 13.500330 -1.351011
v 1.351582 13.306990 -1.313161
v 1.394772 13.477110 -0.500091
v 1.435599 13.284300 -0.529157
v 1.254295 13.726490 -1.392503
v 1.196705 13.899470 -1.439703
v 1.928590 13.813340 -1.358096
v 1.928884 13.995630 -1.399565
v -1.918772 13.389420 -1.310461
v -1.910265 13.357820 -0.574951
v -1.923286 13.590140 -1.332622
v -1.912953 13.548510 -0.540934
v -1.912953 13.548510 -0.540934
v -1.910265 13.357820 -0.574951
v -1.394733 13.477110 -0.500588
v -1.928244 13.813340 -1.358783
v -1.928244 13.813340 -1.358783
v -1.928524 13.995630 -1.400253
v -1.253937 13.726490 -1.392951
v -1.196330 13.899470 -1.440129
v -1.351253 13.306990 -1.313643
v -1.309083 13.500330 -1.351477
v -1.435549 13.284300 -0.529669
v -1.394733 13.477110 -0.500588
v -1.923286 13.590140 -1.332622
v -1.309083 13.500330 -1.351477
v -1.918772 13.389420 -1.310461
v -1.351253 13.306990 -1.313643
v -1.435549 13.284300 -0.529669
v 0.000180 13.425660 -1.395802
v -0.787803 13.276690 -1.420446
v -0.605881 14.525810 -1.870824
v -0.995439 14.373970 -1.547766
v -0.353963 15.469430 -0.515248
v -0.000029 15.329000 -0.222703
v 0.000000 15.836000 -0.388131
v 0.354008 15.469430 -0.515121
v -0.426675 10.538830 -1.537398
v 0.427085 10.538830 -1.537246
v -0.391041 10.282040 -1.729433
v 0.391519 10.282040 -1.729292
v -0.460670 9.555640 -1.512226
v 0.461070 9.555640 -1.512059
v -0.580802 9.273410 -1.607275
v 0.581238 9.273410 -1.607069
v -0.580802 9.273410 -1.607275
v 0.581238 9.273410 -1.607069
v -0.052349 9.131900 -1.290214
v 0.052671 9.131900 -1.290193
v 1.312849 7.294510 -0.552169
v 0.910988 7.319310 0.295719
v 1.352222 6.710310 -0.174882
v 1.352222 6.710310 -0.174882
v 0.910988 7.319310 0.295719
v 0.571814 6.677750 -0.072551
v 0.571814 6.677750 -0.072551
v 0.910988 7.319310 0.295719
v 0.423255 7.207170 -0.468808
v 0.830333 8.679360 0.497791
v 0.094924 9.102700 -0.015606
v 0.830333 8.679360 0.497791
v 1.451918 8.709820 0.070676
v 0.382423 5.052320 -1.524595
v 0.366230 5.191200 -0.499127
v 0.523755 5.581700 -0.977160
v 0.723734 6.047360 -0.407734
v 0.240196 6.364850 -0.924600
v 0.446825 6.028390 -1.646354
v 0.584665 6.726980 -1.366779
v 0.446825 6.028390 -1.646354
v 0.584665 6.726980 -1.366779
v 0.973754 6.040481 -1.925558
v 0.699133 5.238610 -1.637458
v 1.403600 5.352641 -1.511623
v 1.591287 6.255550 -1.550120
v 1.565823 6.276980 -0.740854
v 1.365311 6.749200 -1.007620
v 1.169129 6.042980 -0.438884
v 0.723734 6.047360 -0.407734
v 0.723734 6.047360 -0.407734
v 0.961112 5.279290 -0.059691
v 1.614011 5.248190 -0.566215
v 1.314776 4.966330 -0.586189
v 0.961112 5.279290 -0.059691
v 0.582579 4.939700 -0.604779
v 0.366230 5.191200 -0.499127
v 0.961112 5.279290 -0.059691
v 1.312849 7.294510 -0.552169
v 1.435831 8.106260 -0.899047
v 1.493346 10.276460 0.028825
v 1.607381 10.160970 -1.127825
v 0.995289 10.953400 -0.045594
v 1.268606 10.684800 -1.262806
v 1.113859 10.387540 -1.447314
v 1.113859 10.387540 -1.447314
v 1.607381 10.160970 -1.127825
v 1.134047 9.702440 -1.325139
v 0.808646 9.186300 -1.375149
v 0.350768 9.941640 0.463341
v 0.094924 9.102700 -0.015606
v 0.350768 9.941640 0.463341
v -0.351072 9.941640 0.463216
v -0.095056 9.102700 -0.015640
v 0.995289 10.953400 -0.045594
v 0.979596 10.259130 0.086733
v 1.493346 10.276460 0.028825
v 0.979596 10.259130 0.086733
v -0.000107 10.494000 0.210868
v -0.979764 10.259130 0.086383
v 1.659191 8.333990 -1.293217
v 1.482787 8.617070 -1.041329
v 1.482787 8.617070 -1.041329
v 1.659191 8.333990 -1.293217
v 1.024656 8.776361 -1.604420
v 1.659191 8.333990 -1.293217
v 0.565636 7.151741 -1.323872
v 0.364652 6.926830 -1.574427
v 0.423255 7.207170 -0.468808
v 0.364652 6.926830 -1.574427
v 0.584665 6.726980 -1.366779
v 0.490440 7.770550 -1.172385
v 0.565636 7.151741 -1.323872
v 0.490440 7.770550 -1.172385
v 1.248011 7.120710 -1.344740
v 1.169907 8.275640 -1.268765
v 0.207814 7.869730 -1.363086
v 0.094924 9.102700 -0.015606
v 0.405773 8.153060 -1.189581
v 0.207814 7.869730 -1.363086
v 0.094924 9.102700 -0.015606
v 1.169129 6.042980 -0.438884
v 1.365311 6.749200 -1.007620
v 1.312849 7.294510 -0.552169
v 1.365311 6.749200 -1.007620
v 1.524941 6.853420 -1.626011
v 1.445301 5.361690 -0.787866
v 1.614011 5.248190 -0.566215
v 1.445301 5.361690 -0.787866
v 0.427085 10.538830 -1.537246
v 0.405773 8.153060 -1.189581
v 0.000041 9.117000 -0.620133
v 0.052671 9.131900 -1.290193
v 0.000041 9.117000 -0.620133
v -0.052349 9.131900 -1.290214
v 0.000041 9.117000 -0.620133
v -0.405487 8.153060 -1.189725
v 0.094924 9.102700 -0.015606
v -0.095056 9.102700 -0.015640
v -0.095056 9.102700 -0.015640
v 0.382423 5.052320 -1.524595
v 0.572961 4.765710 -1.340191
v 0.572961 4.765710 -1.340191
v 0.382423 5.052320 -1.524595
v 1.000689 4.844040 -1.955195
v 1.405954 4.772340 -1.424062
v 1.656783 5.065540 -1.691888
v 1.656783 5.065540 -1.691888
v 1.000689 4.844040 -1.955195
v -0.000093 11.047000 0.135868
v -0.995411 10.953400 -0.045949
v 0.995289 10.953400 -0.045594
v -1.312791 7.294510 -0.552637
v -1.352298 6.710310 -0.175364
v -0.911232 7.319310 0.295395
v -0.911232 7.319310 0.295395
v -1.352298 6.710310 -0.175364
v -0.571926 6.677750 -0.072755
v -0.911232 7.319310 0.295395
v -0.571926 6.677750 -0.072755
v -0.423225 7.207170 -0.468959
v -0.830648 8.679360 0.497495
v -0.095056 9.102700 -0.015640
v -0.830648 8.679360 0.497495
v -1.452082 8.709820 0.070159
v -0.382017 5.052320 -1.524731
v -0.523546 5.581700 -0.977347
v -0.366190 5.191200 -0.499258
v -0.723727 6.047360 -0.407992
v -0.446376 6.028390 -1.646513
v -0.240004 6.364850 -0.924686
v -0.584316 6.726980 -1.366987
v -0.584316 6.726980 -1.366987
v -0.446376 6.028390 -1.646513
v -0.973206 6.040481 -1.925905
v -0.698687 5.238610 -1.637708
v -1.403199 5.352641 -1.512122
v -1.590873 6.255550 -1.550687
v -1.565698 6.276980 -0.741412
v -1.169111 6.042980 -0.439301
v -1.365089 6.749200 -1.008106
v -0.723727 6.047360 -0.407992
v -1.169111 6.042980 -0.439301
v -0.961228 5.279290 -0.060035
v -1.613949 5.248190 -0.566790
v -0.961228 5.279290 -0.060035
v -1.314704 4.966330 -0.586657
v -0.961228 5.279290 -0.060035
v -0.582501 4.939700 -0.604986
v -0.366190 5.191200 -0.499258
v -0.961228 5.279290 -0.060035
v -1.312791 7.294510 -0.552637
v -1.435649 8.106260 -0.899559
v -1.493495 10.276460 0.028292
v -0.995411 10.953400 -0.045949
v -1.607116 10.160970 -1.128399
v -1.268294 10.684800 -1.263258
v -1.113482 10.387540 -1.447712
v -1.607116 10.160970 -1.128399
v -1.113482 10.387540 -1.447712
v -1.133714 9.702440 -1.325544
v -0.808294 9.186300 -1.375436
v -0.351072 9.941640 0.463216
v -0.995411 10.953400 -0.045949
v -1.493495 10.276460 0.028292
v -0.979764 10.259130 0.086383
v -1.482554 8.617070 -1.041858
v -1.658868 8.333990 -1.293810
v -1.658868 8.333990 -1.293810
v -1.482554 8.617070 -1.041858
v -1.024223 8.776361 -1.604786
v -1.658868 8.333990 -1.293810
v -0.565303 7.151741 -1.324074
v -0.423225 7.207170 -0.468959
v -0.364229 6.926830 -1.574558
v -0.364229 6.926830 -1.574558
v -0.584316 6.726980 -1.366987
v -0.490160 7.770550 -1.172560
v -0.490160 7.770550 -1.172560
v -0.565303 7.151741 -1.324074
v -1.247668 7.120710 -1.345186
v -1.169593 8.275640 -1.269182
v -0.207466 7.869730 -1.363160
v -0.405487 8.153060 -1.189725
v -0.095056 9.102700 -0.015640
v -0.207466 7.869730 -1.363160
v -1.169111 6.042980 -0.439301
v -1.365089 6.749200 -1.008106
v -1.365089 6.749200 -1.008106
v -1.312791 7.294510 -0.552637
v -1.524500 6.853420 -1.626555
v -1.403199 5.352641 -1.512122
v -1.656318 5.065540 -1.692479
v -1.445159 5.361690 -0.788380
v -1.613949 5.248190 -0.566790
v -1.445159 5.361690 -0.788380
v -1.445159 5.361690 -0.788380
v -0.426675 10.538830 -1.537398
v -0.391041 10.282040 -1.729433
v -0.572620 4.765710 -1.340395
v -0.382017 5.052320 -1.524731
v -0.572620 4.765710 -1.340395
v -1.000131 4.844040 -1.955552
v -1.405585 4.772340 -1.424563
v -1.656318 5.065540 -1.692479
v -1.000131 4.844040 -1.955552
v -1.656318 5.065540 -1.692479
v -1.405585 4.772340 -1.424563
v -1.656318 5.065540 -1.692479
v -0.405487 8.153060 -1.189725
v -0.052349 9.131900 -1.290214
v -0.580802 9.273410 -1.607275
v -0.052349 9.131900 -1.290214
v -1.024223 8.776361 -1.604786
v -1.658868 8.333990 -1.293810
v -0.808294 9.186300 -1.375436
v -1.024223 8.776361 -1.604786
v -0.580802 9.273410 -1.607275
v -1.435649 8.106260 -0.899559
v -0.523546 5.581700 -0.977347
v -0.382017 5.052320 -1.524731
v -0.698687 5.238610 -1.637708
v -1.237924 6.678030 -1.433024
v -1.524500 6.853420 -1.626555
v -0.364229 6.926830 -1.574558
v -0.364229 6.926830 -1.574558
v -1.524500 6.853420 -1.626555
v -1.312791 7.294510 -0.552637
v -1.312791 7.294510 -0.552637
v -1.435649 8.106260 -0.899559
v -1.169593 8.275640 -1.269182
v -1.247668 7.120710 -1.345186
v -1.565698 6.276980 -0.741412
v -1.590873 6.255550 -1.550687
v -1.237924 6.678030 -1.433024
v -0.584316 6.726980 -1.366987
v -0.460670 9.555640 -1.512226
v -1.607116 10.160970 -1.128399
v -1.169593 8.275640 -1.269182
v -0.207466 7.869730 -1.363160
v -0.207466 7.869730 -1.363160
v -1.924000 9.911610 0.226085
v -1.452082 8.709820 0.070159
v -1.493495 10.276460 0.028292
v -1.980036 9.773471 -1.259916
v -1.607116 10.160970 -1.128399
v -1.482554 8.617070 -1.041858
v -1.933418 8.918400 -0.453107
v -1.452082 8.709820 0.070159
v -1.924000 9.911610 0.226085
v -1.980036 9.773471 -1.259916
v -1.482554 8.617070 -1.041858
v -1.482554 8.617070 -1.041858
v -1.607116 10.160970 -1.128399
v -1.980036 9.773471 -1.259916
v -2.147659 9.805000 -0.508956
v -2.147659 9.805000 -0.508956
v -1.924000 9.911610 0.226085
v -1.493495 10.276460 0.028292
v 1.923781 9.911610 0.226771
v 1.493346 10.276460 0.028825
v 1.451918 8.709820 0.070676
v 1.980346 9.773471 -1.259210
v 1.482787 8.617070 -1.041329
v 1.607381 10.160970 -1.127825
v 1.933442 8.918400 -0.452418
v 1.923781 9.911610 0.226771
v 1.451918 8.709820 0.070676
v 1.980346 9.773471 -1.259210
v 1.482787 8.617070 -1.041329
v 1.607381 10.160970 -1.127825
v 2.147704 9.805000 -0.508189
v 1.980346 9.773471 -1.259210
v 2.147704 9.805000 -0.508189
v 1.923781 9.911610 0.226771
v 1.493346 10.276460 0.028825
v -1.796576 6.036010 -1.647814
v -1.590873 6.255550 -1.550687
v -1.403199 5.352641 -1.512122
v -1.565698 6.276980 -0.741412
v -1.759288 6.073800 -0.624686
v -1.445159 5.361690 -0.788380
v -1.445159 5.361690 -0.788380
v -1.759288 6.073800 -0.624686
v -1.688749 5.444170 -1.129794
v -1.403199 5.352641 -1.512122
v -1.796576 6.036010 -1.647814
v 1.797025 6.036010 -1.647172
v 1.403600 5.352641 -1.511623
v 1.591287 6.255550 -1.550120
v 1.565823 6.276980 -0.740854
v 1.445301 5.361690 -0.787866
v 1.759372 6.073800 -0.624060
v 1.759372 6.073800 -0.624060
v 1.445301 5.361690 -0.787866
v 1.689013 5.444170 -1.129192
v 1.403600 5.352641 -1.511623
v 1.797025 6.036010 -1.647172
v 1.565823 6.276980 -0.740854
v 1.759372 6.073800 -0.624060
v 1.591287 6.255550 -1.550120
v 1.797025 6.036010 -1.647172
v -1.590873 6.255550 -1.550687
v -1.796576 6.036010 -1.647814
v -1.565698 6.276980 -0.741412
v -1.759288 6.073800 -0.624686
v -0.460670 9.555640 -1.512226
v -1.133714 9.702440 -1.325544
v -0.881851 9.682051 -1.672861
v -1.133714 9.702440 -1.325544
v -1.250308 10.324590 -1.631225
v -0.429234 10.205570 -1.937358
v -0.460670 9.555640 -1.512226
v -1.113482 10.387540 -1.447712
v -1.250308 10.324590 -1.631225
v -1.133714 9.702440 -1.325544
v -0.429234 10.205570 -1.937358
v -0.391041 10.282040 -1.729433
v -0.460670 9.555640 -1.512226
v 0.461070 9.555640 -1.512059
v 0.882310 9.682051 -1.672547
v 1.134047 9.702440 -1.325139
v 1.134047 9.702440 -1.325139
v 1.250751 10.324590 -1.630780
v 0.429786 10.205570 -1.937205
v 0.461070 9.555640 -1.512059
v 1.113859 10.387540 -1.447314
v 1.134047 9.702440 -1.325139
v 1.250751 10.324590 -1.630780
v 0.429786 10.205570 -1.937205
v 0.461070 9.555640 -1.512059
v 0.391519 10.282040 -1.729292
v 1.250751 10.324590 -1.630780
v 0.429786 10.205570 -1.937205
v 1.113859 10.387540 -1.447314
v 0.391519 10.282040 -1.729292
v -1.113482 10.387540 -1.447712
v -0.391041 10.282040 -1.729433
v -1.250308 10.324590 -1.631225
v -0.429234 10.205570 -1.937358
v 0.405773 8.153060 -1.189581
v 0.052671 9.131900 -1.290193
v 0.581238 9.273410 -1.607069
v 0.052671 9.131900 -1.290193
v 1.024656 8.776361 -1.604420
v 1.659191 8.333990 -1.293217
v 0.808646 9.186300 -1.375149
v 1.024656 8.776361 -1.604420
v 0.581238 9.273410 -1.607069
v 1.435831 8.106260 -0.899047
v 0.523755 5.581700 -0.977160
v 0.382423 5.052320 -1.524595
v 0.699133 5.238610 -1.637458
v 1.238296 6.678030 -1.432582
v 1.524941 6.853420 -1.626011
v 0.364652 6.926830 -1.574427
v 1.524941 6.853420 -1.626011
v 0.364652 6.926830 -1.574427
v 1.312849 7.294510 -0.552169
v 1.312849 7.294510 -0.552169
v 1.435831 8.106260 -0.899047
v 1.248011 7.120710 -1.344740
v 1.169907 8.275640 -1.268765
v 1.565823 6.276980 -0.740854
v 1.591287 6.255550 -1.550120
v 1.238296 6.678030 -1.432582
v 1.403600 5.352641 -1.511623
v 1.445301 5.361690 -0.787866
v 1.614011 5.248190 -0.566215
v 0.584665 6.726980 -1.366779
v 0.461070 9.555640 -1.512059
v 1.607381 10.160970 -1.127825
v 1.169907 8.275640 -1.268765
v 0.207814 7.869730 -1.363086
v 0.207814 7.869730 -1.363086
v 1.314776 4.966330 -0.586189
v 1.614011 5.248190 -0.566215
v -1.545197 2.351020 -1.305909
v -1.443817 2.359130 -1.634571
v -1.926789 2.354453 -1.639680
v -1.926789 2.354453 -1.639680
v -1.443817 2.359130 -1.634571
v -1.339466 2.453523 -2.724874
v -1.545146 1.925840 -1.310380
v -1.925199 1.926203 -1.642720
v -1.444176 1.926950 -1.640782
v -1.444176 1.926950 -1.640782
v -1.925199 1.926203 -1.642720
v -1.980076 1.820884 -2.736829
v 1.545525 2.351020 -1.305359
v 1.927984 2.358007 -1.638993
v 1.444262 2.359130 -1.634056
v 1.444262 2.359130 -1.634056
v 1.927984 2.358007 -1.638993
v 1.983962 2.446958 -2.731714
v 1.545475 1.925840 -1.309828
v 1.444624 1.926950 -1.640265
v 1.926395 1.929757 -1.642033
v 1.926395 1.929757 -1.642033
v 1.444624 1.926950 -1.640265
v 1.341568 1.828857 -2.733416
v 1.981663 1.824437 -2.736124
v 1.341045 2.457078 -2.724396
v -1.339984 1.825303 -2.733894
v -1.982376 2.443403 -2.732419
v 1.885532 2.364337 -2.984841
v 1.880525 1.922887 -2.987164
v 1.444282 2.369777 -2.981311
v 1.443912 1.918628 -2.984410
v 1.443912 1.918628 -2.984410
v 1.880525 1.922887 -2.987164
v 1.981663 1.824437 -2.736124
v 1.880525 1.922887 -2.987164
v 1.983962 2.446958 -2.731714
v 1.926395 1.929757 -1.642033
v 1.927984 2.358007 -1.638993
v 1.885532 2.364337 -2.984841
v 1.341045 2.457078 -2.724396
v 1.444282 2.369777 -2.981311
v 1.341568 1.828857 -2.733416
v 1.443912 1.918628 -2.984410
v 1.444282 2.369777 -2.981311
v 1.885532 2.364337 -2.984841
v 1.444624 1.926950 -1.640265
v 1.444262 2.359130 -1.634056
v 1.545525 2.351020 -1.305359
v 1.545475 1.925840 -1.309828
v 1.927984 2.358007 -1.638993
v 1.926395 1.929757 -1.642033
v -1.442611 2.366224 -2.981826
v -1.442241 1.915074 -2.984927
v -1.883859 2.360784 -2.985516
v -1.878850 1.919333 -2.987835
v -1.878850 1.919333 -2.987835
v -1.442241 1.915074 -2.984927
v -1.878850 1.919333 -2.987835
v -1.980076 1.820884 -2.736829
v -1.883859 2.360784 -2.985516
v -1.982376 2.443403 -2.732419
v -1.926789 2.354453 -1.639680
v -1.339984 1.825303 -2.733894
v -1.442241 1.915074 -2.984927
v -1.339466 2.453523 -2.724874
v -1.442611 2.366224 -2.981826
v -1.442611 2.366224 -2.981826
v -1.883859 2.360784 -2.985516
v -1.443817 2.359130 -1.634571
v -1.444176 1.926950 -1.640782
v -1.925199 1.926203 -1.642720
v -1.545146 1.925840 -1.310380
v -1.545197 2.351020 -1.305909
v -1.925199 1.926203 -1.642720
v -1.926789 2.354453 -1.639680
v -1.359124 9.602280 -0.084875
v -1.669453 9.747291 -0.480540
v -1.515740 9.984020 -0.278573
v -1.732144 10.229880 -0.705181
v -1.735752 10.276140 -0.488011
v -1.735752 10.276140 -0.488011
v -1.687002 9.560260 0.063637
v -1.515740 9.984020 -0.278573
v -1.359124 9.602280 -0.084875
v -1.324416 8.972520 -0.073879
v -1.441182 9.044220 0.018170
v -1.813052 8.465770 -0.825636
v -2.080849 8.743490 -0.669443
v -2.061314 8.802750 -0.982501
v -2.284103 9.126361 -0.763050
v -2.373145 9.168550 -0.310047
v -1.777604 8.707010 -0.697410
v -2.080849 8.743490 -0.669443
v -1.688438 8.483641 -0.732834
v -2.096760 8.768420 -0.390196
v -1.779726 8.797071 -0.965311
v -2.061314 8.802750 -0.982501
v -1.698120 8.645990 -1.006055
v -1.759295 8.570140 -1.093098
v -1.834149 8.784050 -0.396460
v -1.777604 8.707010 -0.697410
v -1.903874 9.233400 -0.705203
v -1.779726 8.797071 -0.965311
v -1.341908 8.288610 -0.791022
v -1.438050 8.231920 -0.831028
v -1.341711 8.272910 -0.886612
v -1.341711 8.272910 -0.886612
v -1.438050 8.231920 -0.831028
v -1.661427 8.516180 -0.906810
v -1.813052 8.465770 -0.825636
v -1.341711 8.272910 -0.886612
v -1.661427 8.516180 -0.906810
v -1.341908 8.288610 -0.791022
v -1.688438 8.483641 -0.732834
v -1.341908 8.288610 -0.791022
v -1.438050 8.231920 -0.831028
v -1.798933 8.370530 -0.486775
v -1.338301 8.493030 -0.941191
v -1.404272 8.429049 -0.993563
v -1.311971 8.490110 -1.052477
v -1.311971 8.490110 -1.052477
v -1.404272 8.429049 -0.993563
v -1.655903 8.714061 -1.211048
v -1.759295 8.570140 -1.093098
v -1.311971 8.490110 -1.052477
v -1.655903 8.714061 -1.211048
v -1.338301 8.493030 -0.941191
v -1.698120 8.645990 -1.006055
v -1.338301 8.493030 -0.941191
v -1.404272 8.429049 -0.993563
v -1.844784 8.376050 -0.648613
v -1.844784 8.376050 -0.648613
v -2.080849 8.743490 -0.669443
v -1.627382 8.415370 -0.659583
v -1.777604 8.707010 -0.697410
v -2.062449 8.759830 -0.173491
v -1.869353 8.841080 -0.092876
v -2.195595 9.317940 -0.034513
v -1.802847 9.329610 -0.178114
v -1.475747 9.221740 -0.236595
v -1.714927 9.305770 -0.070678
v -1.802847 9.329610 -0.178114
v -2.195595 9.317940 -0.034513
v -1.475747 9.221740 -0.236595
v -1.669453 9.747291 -0.480540
v -1.869353 8.841080 -0.092876
v -1.802847 9.329610 -0.178114
v -2.284103 9.126361 -0.763050
v -2.373145 9.168550 -0.310047
v -2.199222 10.237170 -1.004145
v -2.227993 10.320560 -0.488100
v -2.121730 9.260489 -1.239861
v -1.927767 8.864570 -1.246257
v -1.849934 9.187800 -1.321652
v -1.784464 8.878030 -1.264841
v -1.779726 8.797071 -0.965311
v -2.061314 8.802750 -0.982501
v -1.422381 8.793220 0.014113
v -1.505708 8.679630 -0.116132
v -1.305246 8.710320 -0.079895
v -1.390317 8.682341 -0.182931
v -1.833002 8.349690 -0.208340
v -1.814476 8.390441 -0.411517
v -1.814476 8.390441 -0.411517
v -2.096760 8.768420 -0.390196
v -1.651156 8.461950 -0.414968
v -1.834149 8.784050 -0.396460
v -1.834149 8.784050 -0.396460
v -2.096760 8.768420 -0.390196
v -1.611737 8.405670 -0.462890
v -1.798933 8.370530 -0.486775
v -1.385321 8.120080 -0.498430
v -1.490308 8.077240 -0.505629
v -1.490308 8.077240 -0.505629
v -1.504007 8.058990 -0.639091
v -1.490308 8.077240 -0.505629
v -1.504007 8.058990 -0.639091
v -1.385321 8.120080 -0.498430
v -1.390365 8.118320 -0.646911
v -1.385321 8.120080 -0.498430
v -1.390365 8.118320 -0.646911
v -1.611737 8.405670 -0.462890
v -1.627382 8.415370 -0.659583
v -2.062449 8.759830 -0.173491
v -2.195595 9.317940 -0.034513
v -1.784464 8.878030 -1.264841
v -2.227993 10.320560 -0.488100
v -1.827373 10.212630 -1.046589
v -1.714927 9.305770 -0.070678
v -1.582161 8.964931 -0.103504
v -1.441182 9.044220 0.018170
v -1.505708 8.679630 -0.116132
v -1.505708 8.679630 -0.116132
v -1.582161 8.964931 -0.103504
v -1.390317 8.682341 -0.182931
v -1.451037 8.965150 -0.182212
v -1.390317 8.682341 -0.182931
v -1.451037 8.965150 -0.182212
v -1.305246 8.710320 -0.079895
v -1.324416 8.972520 -0.073879
v -1.305246 8.710320 -0.079895
v -1.422381 8.793220 0.014113
v -2.195595 9.317940 -0.034513
v -2.121730 9.260489 -1.239861
v -1.721834 8.493580 -0.148560
v -1.651156 8.461950 -0.414968
v -1.833002 8.349690 -0.208340
v -1.721834 8.493580 -0.148560
v -1.481352 7.996760 -0.205247
v -1.471334 8.017560 -0.369046
v -1.399941 8.150830 -0.160712
v -1.401941 8.149410 -0.384253
v -1.399941 8.150830 -0.160712
v -1.401941 8.149410 -0.384253
v -1.399941 8.150830 -0.160712
v -1.481352 7.996760 -0.205247
v -1.481352 7.996760 -0.205247
v -1.471334 8.017560 -0.369046
v -1.401941 8.149410 -0.384253
v -1.471334 8.017560 -0.369046
v -1.827373 10.212630 -1.046589
v -1.849934 9.187800 -1.321652
v -2.199222 10.237170 -1.004145
v -1.849934 9.187800 -1.321652
v -1.714927 9.305770 -0.070678
v -1.390365 8.118320 -0.646911
v -1.504007 8.058990 -0.639091
v 1.359015 9.602280 -0.084390
v 1.515701 9.984020 -0.278032
v 1.669486 9.747291 -0.479944
v 1.732257 10.229880 -0.704564
v 1.735787 10.276140 -0.487393
v 1.735787 10.276140 -0.487393
v 1.515701 9.984020 -0.278032
v 1.686840 9.560260 0.064239
v 1.359015 9.602280 -0.084390
v 1.324304 8.972520 -0.073407
v 1.441038 9.044220 0.018684
v 1.813208 8.465770 -0.824990
v 2.061525 8.802750 -0.981765
v 2.080950 8.743490 -0.668702
v 2.284238 9.126361 -0.762236
v 2.373115 9.168550 -0.309200
v 1.777715 8.707010 -0.696776
v 1.688562 8.483641 -0.732232
v 2.080950 8.743490 -0.668702
v 2.096759 8.768420 -0.389449
v 1.779934 8.797071 -0.964676
v 1.698341 8.645990 -1.005450
v 2.061525 8.802750 -0.981765
v 1.759546 8.570140 -1.092470
v 1.834153 8.784050 -0.395806
v 1.903986 9.233400 -0.704524
v 1.777715 8.707010 -0.696776
v 1.779934 8.797071 -0.964676
v 1.342051 8.288610 -0.790544
v 1.341889 8.272910 -0.886134
v 1.438209 8.231920 -0.830516
v 1.438209 8.231920 -0.830516
v 1.341889 8.272910 -0.886134
v 1.813208 8.465770 -0.824990
v 1.661614 8.516180 -0.906217
v 1.438209 8.231920 -0.830516
v 1.342051 8.288610 -0.790544
v 1.342051 8.288610 -0.790544
v 1.688562 8.483641 -0.732232
v 1.341889 8.272910 -0.886134
v 1.661614 8.516180 -0.906217
v 1.798968 8.370530 -0.486132
v 1.338499 8.493030 -0.940715
v 1.312209 8.490110 -1.052009
v 1.404488 8.429049 -0.993063
v 1.404488 8.429049 -0.993063
v 1.312209 8.490110 -1.052009
v 1.759546 8.570140 -1.092470
v 1.656196 8.714061 -1.210458
v 1.404488 8.429049 -0.993063
v 1.338499 8.493030 -0.940715
v 1.338499 8.493030 -0.940715
v 1.698341 8.645990 -1.005450
v 1.312209 8.490110 -1.052009
v 1.656196 8.714061 -1.210458
v 1.844877 8.376050 -0.647954
v 2.080950 8.743490 -0.668702
v 1.844877 8.376050 -0.647954
v 1.777715 8.707010 -0.696776
v 1.627478 8.415370 -0.659003
v 1.390457 8.118320 -0.646415
v 1.504095 8.058990 -0.638555
v 1.390457 8.118320 -0.646415
v 1.504095 8.058990 -0.638555
v 1.385360 8.120080 -0.497936
v 1.490352 8.077240 -0.505097
v 1.490352 8.077240 -0.505097
v 1.504095 8.058990 -0.638555
v 2.062372 8.759830 -0.172756
v 2.195468 9.317940 -0.033730
v 1.869249 8.841080 -0.092210
v 1.802773 9.329610 -0.177471
v 1.475693 9.221740 -0.236070
v 1.802773 9.329610 -0.177471
v 1.714814 9.305770 -0.070066
v 2.195468 9.317940 -0.033730
v 1.475693 9.221740 -0.236070
v 1.669486 9.747291 -0.479944
v 1.869249 8.841080 -0.092210
v 1.802773 9.329610 -0.177471
v 2.284238 9.126361 -0.762236
v 2.199439 10.237170 -1.003360
v 2.373115 9.168550 -0.309200
v 2.228028 10.320560 -0.487305
v 2.122032 9.260489 -1.239103
v 1.928072 8.864570 -1.245569
v 1.850266 9.187800 -1.320992
v 1.784776 8.878030 -1.264204
v 1.779934 8.797071 -0.964676
v 2.061525 8.802750 -0.981765
v 1.422239 8.793220 0.014621
v 1.305136 8.710320 -0.079431
v 1.505611 8.679630 -0.115595
v 1.390244 8.682341 -0.182435
v 1.832938 8.349690 -0.207686
v 1.814484 8.390441 -0.410869
v 2.096759 8.768420 -0.389449
v 1.814484 8.390441 -0.410869
v 1.834153 8.784050 -0.395806
v 1.651165 8.461950 -0.414378
v 1.401939 8.149410 -0.383753
v 1.471326 8.017560 -0.368521
v 1.401939 8.149410 -0.383753
v 1.471326 8.017560 -0.368521
v 1.399860 8.150830 -0.160213
v 1.481288 7.996760 -0.204719
v 1.481288 7.996760 -0.204719
v 1.471326 8.017560 -0.368521
v 2.062372 8.759830 -0.172756
v 2.195468 9.317940 -0.033730
v 2.195468 9.317940 -0.033730
v 1.784776 8.878030 -1.264204
v 2.228028 10.320560 -0.487305
v 1.827607 10.212630 -1.045936
v 1.714814 9.305770 -0.070066
v 1.441038 9.044220 0.018684
v 1.582059 8.964931 -0.102941
v 1.505611 8.679630 -0.115595
v 1.422239 8.793220 0.014621
v 1.422239 8.793220 0.014621
v 1.305136 8.710320 -0.079431
v 2.122032 9.260489 -1.239103
v 1.385360 8.120080 -0.497936
v 1.611763 8.405670 -0.462316
v 1.390457 8.118320 -0.646415
v 1.627478 8.415370 -0.659003
v 1.834153 8.784050 -0.395806
v 1.611763 8.405670 -0.462316
v 2.096759 8.768420 -0.389449
v 1.798968 8.370530 -0.486132
v 1.651165 8.461950 -0.414378
v 1.721747 8.493580 -0.147946
v 1.721747 8.493580 -0.147946
v 1.832938 8.349690 -0.207686
v 1.399860 8.150830 -0.160213
v 1.401939 8.149410 -0.383753
v 1.490352 8.077240 -0.505097
v 1.385360 8.120080 -0.497936
v 1.481288 7.996760 -0.204719
v 1.399860 8.150830 -0.160213
v 2.199439 10.237170 -1.003360
v 2.122032 9.260489 -1.239103
v 1.827607 10.212630 -1.045936
v 1.850266 9.187800 -1.320992
v 1.305136 8.710320 -0.079431
v 1.324304 8.972520 -0.073407
v 1.390244 8.682341 -0.182435
v 1.450963 8.965150 -0.181694
v 1.390244 8.682341 -0.182435
v 1.450963 8.965150 -0.181694
v 1.505611 8.679630 -0.115595
v 1.582059 8.964931 -0.102941
v 1.850266 9.187800 -1.320992
v 1.714814 9.305770 -0.070066
v -0.334066 16.469700 -0.804179
v -0.438990 16.573620 -0.895907
v -0.234066 16.400810 -1.099059
v -0.348298 16.841801 -1.263558
v -0.462053 16.406839 -0.536136
v -0.263628 16.202410 -0.475988
v -0.375919 16.139040 -0.185446
v 0.000004 16.108681 -0.410284
v -0.263628 16.202410 -0.475988
v -0.334066 16.469700 -0.804179
v -0.325276 15.886990 -0.551719
v -0.425181 15.997760 -0.967127
v -0.218454 16.011150 0.097328
v 0.218280 16.011150 0.097406
v -0.534726 16.768040 -0.136791
v -0.535155 16.730101 -0.593759
v -0.535155 16.730101 -0.593759
v -0.534726 16.768040 -0.136791
v -0.625010 17.347891 -0.296431
v -0.464648 16.337910 -0.070862
v -0.191257 18.166180 -1.135581
v 0.191523 18.166180 -1.135512
v 0.000200 17.439859 -1.512232
v 0.531749 17.582069 -1.312390
v 0.593999 17.973511 -0.998980
v 0.464534 16.337910 -0.070697
v 0.462105 16.406839 -0.535971
v 0.534641 16.768030 -0.136606
v 0.535227 16.730101 -0.593568
v 0.534641 16.768030 -0.136606
v 0.535227 16.730101 -0.593568
v 0.624981 17.347879 -0.296214
v 0.200457 18.317789 -0.368036
v 0.524775 18.092960 -0.447362
v -0.593781 17.973511 -0.999193
v -0.200464 18.317789 -0.368107
v -0.524755 18.092960 -0.447549
v -0.531428 17.582069 -1.312575
v -0.626161 17.336720 -0.512812
v -0.619905 17.019810 -0.782982
v -0.874715 17.198851 -0.575874
v -0.874715 17.198851 -0.575874
v -0.619905 17.019810 -0.782982
v -0.707572 16.882811 -0.640013
v -0.535155 16.730101 -0.593759
v -0.707572 16.882811 -0.640013
v -0.535155 16.730101 -0.593759
v -0.626161 17.336720 -0.512812
v -0.874715 17.198851 -0.575874
v 0.000158 16.061001 -1.275346
v 0.000144 16.500170 -1.194262
v 0.234320 16.400810 -1.098976
v 0.000000 15.836000 -0.388131
v 0.000004 16.108681 -0.410284
v 0.000183 16.898081 -1.417363
v 0.348610 16.841801 -1.263434
v 0.334214 16.469700 -0.804059
v 0.234320 16.400810 -1.098976
v 0.439171 16.573620 -0.895751
v 0.263659 16.202410 -0.475895
v 0.375847 16.139040 -0.185313
v 0.334214 16.469700 -0.804059
v 0.263659 16.202410 -0.475895
v 0.325334 15.886990 -0.551604
v 0.425387 15.997760 -0.966976
v 0.626205 17.336720 -0.512589
v 0.874780 17.198851 -0.575561
v 0.620045 17.019810 -0.782761
v 0.620045 17.019810 -0.782761
v 0.874780 17.198851 -0.575561
v 0.707662 16.882811 -0.639760
v 0.535227 16.730101 -0.593568
v 0.535227 16.730101 -0.593568
v 0.707662 16.882811 -0.639760
v 0.626205 17.336720 -0.512589
v 0.874780 17.198851 -0.575561
v -0.540755 17.098770 -1.051637
v -0.593781 17.973511 -0.999193
v -0.531428 17.582069 -1.312575
v -0.652035 17.628429 -0.346326
v -0.524755 18.092960 -0.447549
v -0.626161 17.336720 -0.512812
v 0.652020 17.628429 -0.346093
v 0.524775 18.092960 -0.447362
v 0.621867 17.696779 -0.158798
v 0.621867 17.696779 -0.158798
v 0.524775 18.092960 -0.447362
v 0.507697 17.935410 0.063406
v -0.621945 17.696779 -0.159014
v -0.524755 18.092960 -0.447549
v -0.621945 17.696779 -0.159014
v -0.507859 17.935410 0.063225
v 0.626205 17.336720 -0.512589
v -0.619905 17.019810 -0.782982
v -0.438990 16.573620 -0.895907
v -0.348298 16.841801 -1.263558
v -0.531428 17.582069 -1.312575
v 0.000200 17.439859 -1.512232
v 0.000183 16.898081 -1.417363
v 0.540991 17.098770 -1.051444
v 0.531749 17.582069 -1.312390
v 0.593999 17.973511 -0.998980
v 0.620045 17.019810 -0.782761
v 0.439171 16.573620 -0.895751
v 0.348610 16.841801 -1.263434
v 0.531749 17.582069 -1.312390
v -0.000117 16.640289 0.268402
v -0.213844 16.687611 0.215226
v -0.000114 16.418880 0.250679
v -0.386183 16.585770 0.050735
v -0.218454 16.011150 0.097328
v -0.464648 16.337910 -0.070862
v -0.218454 16.011150 0.097328
v -0.375919 16.139040 -0.185446
v -0.200464 18.317789 -0.368107
v -0.000106 18.045010 0.207698
v 0.200457 18.317789 -0.368036
v -0.000117 16.640289 0.268402
v -0.071204 16.738239 0.542608
v 0.070872 16.738239 0.542634
v -0.000136 17.555010 0.376144
v -0.219703 17.534950 0.292538
v -0.043001 17.266590 0.328942
v -0.534726 16.768040 -0.136791
v -0.496543 17.767191 0.112468
v -0.042884 17.097990 0.358040
v -0.071204 16.738239 0.542608
v 0.496369 17.767191 0.112638
v 0.386032 16.585760 0.050866
v 0.218280 16.011150 0.097406
v 0.464534 16.337910 -0.070697
v 0.218280 16.011150 0.097406
v 0.375847 16.139040 -0.185313
v 0.213629 16.687611 0.215302
v -0.000114 16.418880 0.250679
v 0.042745 17.266590 0.328957
v 0.219466 17.534960 0.292611
v 0.534641 16.768030 -0.136606
v 0.042618 17.097990 0.358055
v 0.070872 16.738239 0.542634
v 0.042618 17.097990 0.358055
v -0.042884 17.097990 0.358040
v 0.070872 16.738239 0.542634
v -0.071204 16.738239 0.542608
v 0.187439 16.925011 0.399364
v 0.552506 17.135990 0.320275
v 0.142468 17.148220 0.438688
v 0.285593 17.439480 0.401696
v 0.543473 17.673611 0.183722
v 0.673070 17.624580 -0.026819
v 0.684586 17.323170 -0.140115
v 0.673070 17.624580 -0.026819
v 0.684586 17.323170 -0.140115
v 0.621867 17.696779 -0.158798
v 0.624981 17.347879 -0.296214
v 0.274318 16.736441 0.345476
v 0.622225 16.837460 -0.019274
v 0.444904 16.663759 0.171151
v -0.187715 16.925020 0.399302
v -0.142758 17.148239 0.438643
v -0.552754 17.136000 0.320084
v -0.285870 17.439480 0.401597
v -0.543673 17.673611 0.183534
v -0.673195 17.624580 -0.027053
v -0.684669 17.323160 -0.140353
v -0.684669 17.323160 -0.140353
v -0.673195 17.624580 -0.027053
v -0.625010 17.347891 -0.296431
v -0.621945 17.696779 -0.159014
v -0.274574 16.736441 0.345383
v -0.622351 16.837460 -0.019490
v -0.445099 16.663759 0.170997
v -0.213844 16.687611 0.215226
v -0.274574 16.736441 0.345383
v -0.386183 16.585770 0.050735
v -0.445099 16.663759 0.170997
v -0.386183 16.585770 0.050735
v -0.534726 16.768040 -0.136791
v -0.622351 16.837460 -0.019490
v -0.142758 17.148239 0.438643
v -0.187715 16.925020 0.399302
v -0.043001 17.266590 0.328942
v -0.187715 16.925020 0.399302
v -0.042884 17.097990 0.358040
v -0.043001 17.266590 0.328942
v -0.496543 17.767191 0.112468
v -0.543673 17.673611 0.183534
v -0.219703 17.534950 0.292538
v -0.285870 17.439480 0.401597
v -0.274574 16.736441 0.345383
v -0.042884 17.097990 0.358040
v -0.213844 16.687611 0.215226
v -0.142758 17.148239 0.438643
v 0.042745 17.266590 0.328957
v -0.043001 17.266590 0.328942
v 0.042618 17.097990 0.358055
v -0.042884 17.097990 0.358040
v 0.042745 17.266590 0.328957
v 0.042618 17.097990 0.358055
v 0.142468 17.148220 0.438688
v 0.187439 16.925011 0.399364
v 0.534641 16.768030 -0.136606
v 0.622225 16.837460 -0.019274
v 0.386032 16.585760 0.050866
v 0.444904 16.663759 0.171151
v 0.386032 16.585760 0.050866
v 0.543473 17.673611 0.183722
v 0.496369 17.767191 0.112638
v 0.285593 17.439480 0.401696
v 0.219466 17.534960 0.292611
v 0.213629 16.687611 0.215302
v 0.187439 16.925011 0.399364
v 0.274318 16.736441 0.345476
v 0.213629 16.687611 0.215302
v 0.386032 16.585760 0.050866
v 0.274318 16.736441 0.345476
v 0.758961 16.778650 -0.590730
v 0.685362 16.928230 -0.744843
v 0.744116 16.910280 -0.622028
v 0.744116 16.910280 -0.622028
v 0.685362 16.928230 -0.744843
v 0.653391 16.973230 -0.526509
v 0.653391 16.973230 -0.526509
v 0.685362 16.928230 -0.744843
v 0.758961 16.778650 -0.590730
v 0.758961 16.778650 -0.590730
v 0.688369 16.679899 -0.585502
v 0.576920 16.821890 -0.722777
v 0.674530 16.808590 -0.627148
v 0.674530 16.808590 -0.627148
v 0.576920 16.821890 -0.722777
v 0.630557 16.892630 -0.515440
v 0.630557 16.892630 -0.515440
v 0.576920 16.821890 -0.722777
v 0.688369 16.679899 -0.585502
v 0.688369 16.679899 -0.585502
v -0.688299 16.679899 -0.585748
v -0.630511 16.892630 -0.515665
v -0.674446 16.808590 -0.627389
v -0.576801 16.821890 -0.722982
v -0.576801 16.821890 -0.722982
v -0.688299 16.679899 -0.585748
v -0.630511 16.892630 -0.515665
v -0.688299 16.679899 -0.585748
v -0.576801 16.821890 -0.722982
v -0.758890 16.778650 -0.591001
v -0.653342 16.973230 -0.526742
v -0.744033 16.910280 -0.622294
v -0.685235 16.928230 -0.745087
v -0.685235 16.928230 -0.745087
v -0.758890 16.778650 -0.591001
v -0.653342 16.973230 -0.526742
v -0.758890 16.778650 -0.591001
v -0.685235 16.928230 -0.745087
vt 0.253910 0.832500
vt 0.257810 0.824690
vt 0.253910 0.792500
vt 0.257810 0.824690
vt 0.253910 0.917500
vt 0.259770 0.925310
vt 0.253910 0.957500
vt 0.259770 0.925310
vt 0.253910 0.875000
vt 0.259770 0.925310
vt 0.257810 0.824690
vt 0.253910 0.875000
vt 0.257810 0.824690
vt 0.253910 0.917500
vt 0.253910 0.751950
vt 0.253910 0.751950
vt 0.253910 0.792500
vt 0.253910 0.792500
vt 0.253910 0.751950
vt 0.253910 0.751950
vt 0.253910 0.792500
vt 0.253910 0.751950
vt 0.253910 0.792500
vt 0.253910 0.751950
vt 0.253910 0.832500
vt 0.253910 0.792500
vt 0.253910 0.917500
vt 0.253910 0.957500
vt 0.253910 0.832500
vt 0.257810 0.824690
vt 0.253910 0.875000
vt 0.253910 0.875000
vt 0.259770 0.925310
vt 0.253910 0.792500
vt 0.253910 0.832500
vt 0.253910 0.792500
vt 0.253910 0.832500
vt 0.253910 0.832500
vt 0.253910 0.875000
vt 0.253910 0.832500
vt 0.253910 0.875000
vt 0.253910 0.875000
vt 0.253910 0.875000
vt 0.253910 0.917500
vt 0.253910 0.875000
vt 0.253910 0.917500
vt 0.253910 0.875000
vt 0.253910 0.917500
vt 0.253910 0.917500
vt 0.253910 0.957500
vt 0.253910 0.957500
vt 0.253910 0.917500
vt 0.253910 0.957500
vt 0.253910 0.917500
vt 0.253910 0.957500
vt 0.253910 0.957500
vt 0.253910 0.957500
vt 0.253910 0.998050
vt 0.253910 0.792500
vt 0.253910 0.832500
vt 0.253910 0.792500
vt 0.253910 0.832500
vt 0.253910 0.875000
vt 0.253910 0.832500
vt 0.253910 0.875000
vt 0.253910 0.832500
vt 0.253910 0.875000
vt 0.253910 0.875000
vt 0.253910 0.917500
vt 0.253910 0.917500
vt 0.253910 0.917500
vt 0.253910 0.875000
vt 0.253910 0.875000
vt 0.253910 0.917500
vt 0.253910 0.917500
vt 0.253910 0.957500
vt 0.253910 0.957500
vt 0.253910 0.957500
vt 0.253910 0.917500
vt 0.253910 0.917500
vt 0.253910 0.792500
vt 0.253910 0.832500
vt 0.253910 0.792500
vt 0.253910 0.832500
vt 0.253910 0.832500
vt 0.253910 0.875000
vt 0.253910 0.832500
vt 0.253910 0.875000
vt 0.253910 0.917500
vt 0.253910 0.957500
vt 0.253910 0.832500
vt 0.253910 0.832500
vt 0.253910 0.792500
vt 0.253910 0.875000
vt 0.253910 0.875000
vt 0.253910 0.832500
vt 0.253910 0.998050
vt 0.253910 0.998050
vt 0.253910 0.998050
vt 0.253910 0.998050
vt 0.253910 0.957500
vt 0.253910 0.998050
vt 0.253910 0.957500
vt 0.253910 0.998050
vt 0.253910 0.957500
vt 0.253910 0.751950
vt 0.253910 0.792500
vt 0.253910 0.751950
vt 0.253910 0.792500
vt 0.253910 0.792500
vt 0.253910 0.751950
vt 0.253910 0.792500
vt 0.253910 0.751950
vt 0.253910 0.792500
vt 0.253910 0.792500
vt 0.253910 0.832500
vt 0.253910 0.792500
vt 0.253910 0.832500
vt 0.253910 0.832500
vt 0.253910 0.875000
vt 0.253910 0.832500
vt 0.253910 0.875000
vt 0.253910 0.875000
vt 0.253910 0.875000
vt 0.253910 0.917500
vt 0.253910 0.917500
vt 0.253910 0.917500
vt 0.253910 0.875000
vt 0.253910 0.917500
vt 0.253910 0.957500
vt 0.253910 0.957500
vt 0.253910 0.957500
vt 0.253910 0.917500
vt 0.253910 0.957500
vt 0.253910 0.957500
vt 0.253910 0.957500
vt 0.253910 0.998050
vt 0.253910 0.875000
vt 0.253910 0.875000
vt 0.253910 0.832500
vt 0.257810 0.824690
vt 0.253910 0.917500
vt 0.259770 0.925310
vt 0.253910 0.875000
vt 0.253910 0.875000
vt 0.253910 0.792500
vt 0.253910 0.832500
vt 0.253910 0.792500
vt 0.253910 0.832500
vt 0.253910 0.875000
vt 0.253910 0.832500
vt 0.253910 0.875000
vt 0.253910 0.875000
vt 0.253910 0.875000
vt 0.253910 0.917500
vt 0.253910 0.917500
vt 0.253910 0.917500
vt 0.253910 0.917500
vt 0.253910 0.957500
vt 0.253910 0.957500
vt 0.253910 0.792500
vt 0.253910 0.832500
vt 0.253910 0.832500
vt 0.253910 0.875000
vt 0.253910 0.832500
vt 0.253910 0.875000
vt 0.253910 0.875000
vt 0.253910 0.917500
vt 0.253910 0.998050
vt 0.253910 0.998050
vt 0.253910 0.998050
vt 0.253910 0.998050
vt 0.253910 0.998050
vt 0.253910 0.957500
vt 0.253910 0.998050
vt 0.253910 0.957500
vt 0.253910 0.998050
vt 0.253910 0.957500
vt 0.253910 0.751950
vt 0.253910 0.792500
vt 0.253910 0.792500
vt 0.253910 0.751950
vt 0.253910 0.792500
vt 0.253910 0.751950
vt 0.253910 0.792500
vt 0.253910 0.751950
vt 0.253910 0.792500
vt 0.253910 0.751950
vt 0.253910 0.792500
vt 0.432490 0.333140
vt 0.432790 0.333030
vt 0.432640 0.332620
vt 0.432910 0.332500
vt 0.432640 0.332620
vt 0.430140 0.333210
vt 0.430220 0.332660
vt 0.419070 0.333140
vt 0.421430 0.333210
vt 0.418920 0.332620
vt 0.421350 0.332660
vt 0.418920 0.332620
vt 0.418770 0.333030
vt 0.418650 0.332500
vt 0.421430 0.333210
vt 0.419070 0.333140
vt 0.421730 0.333240
vt 0.419590 0.333180
vt 0.418770 0.333030
vt 0.419410 0.333070
vt 0.419410 0.333070
vt 0.418770 0.333030
vt 0.418650 0.332500
vt 0.419290 0.332430
vt 0.419290 0.332430
vt 0.418650 0.332500
vt 0.418920 0.332620
vt 0.419420 0.332550
vt 0.421350 0.332660
vt 0.421620 0.332590
vt 0.421620 0.332590
vt 0.421350 0.332660
vt 0.421430 0.333210
vt 0.421730 0.333240
vt 0.429840 0.333240
vt 0.431980 0.333180
vt 0.430140 0.333210
vt 0.432490 0.333140
vt 0.432150 0.333070
vt 0.432790 0.333030
vt 0.432790 0.333030
vt 0.432150 0.333070
vt 0.432270 0.332430
vt 0.432910 0.332500
vt 0.432910 0.332500
vt 0.432270 0.332430
vt 0.432140 0.332550
vt 0.432640 0.332620
vt 0.429940 0.332590
vt 0.430220 0.332660
vt 0.430220 0.332660
vt 0.429940 0.332590
vt 0.429840 0.333240
vt 0.430140 0.333210
vt 0.399180 0.366080
vt 0.397160 0.294620
vt 0.413580 0.351220
vt 0.414130 0.307880
vt 0.414780 0.307770
vt 0.396890 0.294310
vt 0.414160 0.350750
vt 0.399060 0.366440
vt 0.414780 0.307770
vt 0.414160 0.350750
vt 0.396890 0.294310
vt 0.399060 0.366440
vt 0.399180 0.366080
vt 0.413580 0.351220
vt 0.397160 0.294620
vt 0.414130 0.307880
vt 0.426860 0.254980
vt 0.249330 0.255160
vt 0.397160 0.294620
vt 0.289380 0.301470
vt 0.426480 0.254910
vt 0.396890 0.294310
vt 0.249190 0.255110
vt 0.289380 0.302430
vt 0.426480 0.254910
vt 0.249190 0.255110
vt 0.396890 0.294310
vt 0.289380 0.302430
vt 0.426860 0.254980
vt 0.397160 0.294620
vt 0.249330 0.255160
vt 0.289380 0.301470
vt 0.234720 0.424290
vt 0.240510 0.410220
vt 0.061070 0.373040
vt 0.069120 0.359540
vt 0.069350 0.358840
vt 0.240800 0.410230
vt 0.069350 0.358840
vt 0.061070 0.373040
vt 0.240800 0.410230
vt 0.234720 0.424290
vt 0.240510 0.410220
vt 0.069120 0.359540
vt 0.297320 0.477430
vt 0.283240 0.477430
vt 0.297290 0.477050
vt 0.297290 0.477050
vt 0.283240 0.477430
vt 0.297320 0.477430
vt 0.286680 0.547570
vt 0.310320 0.544840
vt 0.291180 0.615240
vt 0.289960 0.593850
vt 0.317870 0.614690
vt 0.317070 0.591800
vt 0.291180 0.615240
vt 0.317870 0.614690
vt 0.289960 0.593850
vt 0.317070 0.591800
vt 0.286680 0.547570
vt 0.310320 0.544840
vt 0.039040 0.254460
vt 0.069120 0.359540
vt 0.007810 0.288750
vt 0.039040 0.254460
vt 0.039540 0.253910
vt 0.039540 0.253910
vt 0.007810 0.288750
vt 0.039540 0.253910
vt 0.069350 0.358840
vt 0.469270 0.368050
vt 0.496090 0.409560
vt 0.468430 0.367660
vt 0.495420 0.409060
vt 0.291180 0.613280
vt 0.312720 0.608110
vt 0.328470 0.609260
vt 0.439380 0.584940
vt 0.417790 0.597380
vt 0.428000 0.598060
vt 0.326230 0.611970
vt 0.317870 0.610780
vt 0.240800 0.410230
vt 0.399180 0.366080
vt 0.399060 0.366440
vt 0.240510 0.410220
vt 0.431860 0.590530
vt 0.379070 0.601560
vt 0.379800 0.580180
vt 0.375030 0.469620
vt 0.424240 0.502440
vt 0.380430 0.541710
vt 0.431860 0.590530
vt 0.424240 0.502440
vt 0.445100 0.522340
vt 0.297290 0.477050
vt 0.317070 0.591800
vt 0.317870 0.614690
vt 0.380320 0.584080
vt 0.442080 0.608480
vt 0.444040 0.587000
vt 0.379940 0.538470
vt 0.310320 0.544840
vt 0.297320 0.477430
vt 0.448120 0.522070
vt 0.495420 0.409060
vt 0.426860 0.254980
vt 0.439380 0.584940
vt 0.448120 0.522070
vt 0.444040 0.587000
vt 0.445100 0.522340
vt 0.439380 0.584940
vt 0.426480 0.254910
vt 0.039040 0.254460
vt 0.069120 0.359540
vt 0.007810 0.288750
vt 0.039040 0.254460
vt 0.039540 0.253910
vt 0.007810 0.288750
vt 0.039540 0.253910
vt 0.039540 0.253910
vt 0.069350 0.358840
vt 0.496090 0.409560
vt 0.469270 0.368050
vt 0.495420 0.409060
vt 0.468430 0.367660
vt 0.291180 0.613280
vt 0.328470 0.609260
vt 0.312720 0.608110
vt 0.417790 0.597380
vt 0.439380 0.584940
vt 0.444040 0.587000
vt 0.428000 0.598060
vt 0.326230 0.611970
vt 0.317870 0.610780
vt 0.240800 0.410230
vt 0.399180 0.366080
vt 0.399060 0.366440
vt 0.240510 0.410220
vt 0.431860 0.590530
vt 0.379800 0.580180
vt 0.379070 0.601560
vt 0.375030 0.469620
vt 0.380430 0.541710
vt 0.424240 0.502440
vt 0.424240 0.502440
vt 0.431860 0.590530
vt 0.445100 0.522340
vt 0.297290 0.477050
vt 0.317070 0.591800
vt 0.380320 0.584080
vt 0.317870 0.614690
vt 0.442080 0.608480
vt 0.444040 0.587000
vt 0.379940 0.538470
vt 0.310320 0.544840
vt 0.297320 0.477430
vt 0.448120 0.522070
vt 0.495420 0.409060
vt 0.426860 0.254980
vt 0.439380 0.584940
vt 0.448120 0.522070
vt 0.439380 0.584940
vt 0.426480 0.254910
vt 0.445100 0.522340
vt 0.496090 0.409560
vt 0.495420 0.409060
vt 0.376950 0.187320
vt 0.386830 0.225940
vt 0.437500 0.187540
vt 0.418020 0.247930
vt 0.456640 0.248050
vt 0.487960 0.226240
vt 0.498050 0.187680
vt 0.488170 0.149060
vt 0.456980 0.127070
vt 0.418360 0.126950
vt 0.387040 0.148760
vt 0.386830 0.225940
vt 0.376950 0.187320
vt 0.437500 0.187760
vt 0.387040 0.148760
vt 0.418360 0.126950
vt 0.456980 0.127070
vt 0.488170 0.149060
vt 0.498050 0.187680
vt 0.487960 0.226240
vt 0.456640 0.248050
vt 0.418020 0.247930
vt 0.376950 0.187320
vt 0.437500 0.187540
vt 0.386830 0.225940
vt 0.418020 0.247930
vt 0.456640 0.248050
vt 0.487960 0.226240
vt 0.498050 0.187680
vt 0.488170 0.149060
vt 0.456980 0.127070
vt 0.418360 0.126950
vt 0.387040 0.148760
vt 0.386830 0.225940
vt 0.437500 0.187760
vt 0.376950 0.187320
vt 0.387040 0.148760
vt 0.418360 0.126950
vt 0.456980 0.127070
vt 0.488170 0.149060
vt 0.498050 0.187680
vt 0.487960 0.226240
vt 0.456640 0.248050
vt 0.418020 0.247930
vt 0.376950 0.187320
vt 0.386830 0.225940
vt 0.437500 0.187540
vt 0.418020 0.247930
vt 0.456640 0.248050
vt 0.487960 0.226240
vt 0.498050 0.187680
vt 0.488170 0.149060
vt 0.456980 0.127070
vt 0.418360 0.126950
vt 0.387040 0.148760
vt 0.386830 0.225940
vt 0.376950 0.187320
vt 0.437500 0.188110
vt 0.387040 0.148760
vt 0.418360 0.126950
vt 0.456980 0.127070
vt 0.488170 0.149060
vt 0.498050 0.187680
vt 0.487960 0.226240
vt 0.456640 0.248050
vt 0.418020 0.247930
vt 0.376950 0.187320
vt 0.437500 0.187540
vt 0.386830 0.225940
vt 0.418020 0.247930
vt 0.456640 0.248050
vt 0.487960 0.226240
vt 0.498050 0.187680
vt 0.488170 0.149060
vt 0.456980 0.127070
vt 0.418360 0.126950
vt 0.387040 0.148760
vt 0.386830 0.225940
vt 0.437500 0.188110
vt 0.376950 0.187320
vt 0.387040 0.148760
vt 0.418360 0.126950
vt 0.456980 0.127070
vt 0.488170 0.149060
vt 0.498050 0.187680
vt 0.487960 0.226240
vt 0.456640 0.248050
vt 0.418020 0.247930
vt 0.105470 0.060550
vt 0.105470 0.060550
vt 0.105470 0.001950
vt 0.105470 0.001950
vt 0.105470 0.001950
vt 0.105470 0.001950
vt 0.105470 0.060550
vt 0.105470 0.060550
vt 0.105470 0.060550
vt 0.105470 0.060550
vt 0.105470 0.001950
vt 0.105470 0.060550
vt 0.105470 0.001950
vt 0.105470 0.060550
vt 0.105470 0.001950
vt 0.105470 0.001950
vt 0.105470 0.060550
vt 0.105470 0.060550
vt 0.105470 0.060550
vt 0.105470 0.001950
vt 0.105470 0.060550
vt 0.105470 0.001950
vt 0.105470 0.001950
vt 0.105470 0.060550
vt 0.105470 0.060550
vt 0.105470 0.001950
vt 0.105470 0.060550
vt 0.105470 0.001950
vt 0.105470 0.001950
vt 0.105470 0.060550
vt 0.105470 0.060550
vt 0.105470 0.060550
vt 0.212890 0.001950
vt 0.212890 0.001950
vt 0.212890 0.060550
vt 0.207030 0.060550
vt 0.207030 0.060550
vt 0.207030 0.001950
vt 0.212890 0.001950
vt 0.212890 0.060550
vt 0.212890 0.060550
vt 0.212890 0.060550
vt 0.212890 0.001950
vt 0.212890 0.001950
vt 0.212890 0.060550
vt 0.212890 0.001950
vt 0.212890 0.060550
vt 0.212890 0.001950
vt 0.212890 0.060550
vt 0.212890 0.001950
vt 0.207030 0.060550
vt 0.207030 0.001950
vt 0.207030 0.001950
vt 0.207030 0.001950
vt 0.207030 0.060550
vt 0.207030 0.060550
vt 0.207030 0.001950
vt 0.207030 0.060550
vt 0.207030 0.001950
vt 0.207030 0.060550
vt 0.207030 0.001950
vt 0.207030 0.060550
vt 0.152340 0.060550
vt 0.152340 0.001950
vt 0.152340 0.060550
vt 0.152340 0.001950
vt 0.152340 0.060550
vt 0.152340 0.060550
vt 0.152340 0.001950
vt 0.152340 0.001950
vt 0.152340 0.001950
vt 0.152340 0.060550
vt 0.152340 0.060550
vt 0.152340 0.060550
vt 0.152340 0.001950
vt 0.152340 0.060550
vt 0.337530 0.187420
vt 0.305090 0.147250
vt 0.325980 0.197250
vt 0.295380 0.197150
vt 0.325410 0.235950
vt 0.294970 0.233270
vt 0.332880 0.245750
vt 0.372820 0.087600
vt 0.337120 0.187320
vt 0.304800 0.147190
vt 0.295880 0.197050
vt 0.295410 0.232850
vt 0.333530 0.246090
vt 0.333530 0.246090
vt 0.337120 0.187320
vt 0.332880 0.245750
vt 0.335360 0.064630
vt 0.365480 0.065310
vt 0.365230 0.065230
vt 0.334890 0.064450
vt 0.263530 0.122840
vt 0.263530 0.122840
vt 0.334890 0.064450
vt 0.335360 0.064630
vt 0.263450 0.122790
vt 0.263450 0.122790
vt 0.175580 0.149080
vt 0.175580 0.149080
vt 0.157110 0.114830
vt 0.157110 0.114830
vt 0.175580 0.149080
vt 0.175680 0.149120
vt 0.373050 0.088060
vt 0.175680 0.149120
vt 0.157220 0.114700
vt 0.169530 0.068020
vt 0.011750 0.099040
vt 0.002150 0.068020
vt 0.002150 0.068020
vt 0.169530 0.068020
vt 0.001950 0.067960
vt 0.169530 0.068020
vt 0.263450 0.122790
vt 0.169530 0.068020
vt 0.337530 0.187420
vt 0.325980 0.197250
vt 0.305090 0.147250
vt 0.295380 0.197150
vt 0.325410 0.235950
vt 0.332880 0.245750
vt 0.294970 0.233270
vt 0.372820 0.087600
vt 0.304800 0.147190
vt 0.337120 0.187320
vt 0.295880 0.197050
vt 0.333530 0.246090
vt 0.337120 0.187320
vt 0.333530 0.246090
vt 0.337530 0.187420
vt 0.332880 0.245750
vt 0.335360 0.064630
vt 0.365480 0.065310
vt 0.365230 0.065230
vt 0.334890 0.064450
vt 0.263530 0.122840
vt 0.334890 0.064450
vt 0.263530 0.122840
vt 0.263450 0.122790
vt 0.335360 0.064630
vt 0.263450 0.122790
vt 0.175580 0.149080
vt 0.157110 0.114830
vt 0.175580 0.149080
vt 0.157110 0.114830
vt 0.157220 0.114700
vt 0.373050 0.088060
vt 0.175680 0.149120
vt 0.157220 0.114700
vt 0.169530 0.068020
vt 0.002150 0.068020
vt 0.169530 0.068020
vt 0.002150 0.068020
vt 0.169530 0.068020
vt 0.263530 0.122840
vt 0.263450 0.122790
vt 0.169530 0.068020
vt 0.295410 0.232850
vt 0.175680 0.149120
vt 0.002150 0.068020
vt 0.011750 0.099040
vt 0.001950 0.067960
vt 0.011200 0.098730
vt 0.011200 0.098730
vt 0.011750 0.099040
vt 0.011750 0.099040
vt 0.001950 0.067960
vt 0.373050 0.088060
vt 0.372820 0.087600
vt 0.365230 0.065230
vt 0.365480 0.065310
vt 0.365480 0.065310
vt 0.365230 0.065230
vt 0.011200 0.098730
vt 0.001950 0.067960
vt 0.263530 0.122840
vt 0.157220 0.114700
vt 0.001950 0.067960
vt 0.011200 0.098730
vt 0.002150 0.068020
vt 0.011750 0.099040
vt 0.011750 0.099040
vt 0.011200 0.098730
vt 0.372820 0.087600
vt 0.337530 0.187420
vt 0.373050 0.088060
vt 0.365480 0.065310
vt 0.365230 0.065230
vt 0.365230 0.065230
vt 0.365480 0.065310
vt 0.001950 0.067960
vt 0.011200 0.098730
vt 0.026040 0.620440
vt 0.193360 0.619140
vt 0.025390 0.620440
vt 0.193360 0.619790
vt 0.193360 0.619790
vt 0.208980 0.619140
vt 0.209640 0.478520
vt 0.190760 0.478520
vt 0.190760 0.478520
vt 0.190100 0.480470
vt 0.024740 0.478520
vt 0.024090 0.478520
vt 0.024090 0.478520
vt 0.024740 0.478520
vt 0.026040 0.620440
vt 0.025390 0.620440
vt 0.190760 0.478520
vt 0.024090 0.478520
vt 0.193360 0.619790
vt 0.025390 0.620440
vt 0.406250 0.099610
vt 0.406250 0.099610
vt 0.406250 0.099610
vt 0.406250 0.099610
vt 0.406250 0.099610
vt 0.406250 0.099610
vt 0.406250 0.099610
vt 0.406250 0.099610
vt 0.406250 0.099610
vt 0.406250 0.099610
vt 0.406250 0.099610
vt 0.406250 0.099610
vt 0.406250 0.099610
vt 0.406250 0.099610
vt 0.406250 0.099610
vt 0.406250 0.099610
vt 0.406250 0.099610
vt 0.406250 0.099610
vt 0.406250 0.099610
vt 0.406250 0.099610
vt 0.406250 0.099610
vt 0.406250 0.099610
vt 0.406250 0.099610
vt 0.406250 0.099610
vt 0.406250 0.099610
vt 0.406250 0.099610
vt 0.406250 0.099610
vt 0.406250 0.099610
vt 0.406250 0.099610
vt 0.406250 0.099610
vt 0.406250 0.099610
vt 0.406250 0.099610
vt 0.406250 0.099610
vt 0.406250 0.099610
vt 0.406250 0.099610
vt 0.406250 0.099610
vt 0.406250 0.099610
vt 0.406250 0.099610
vt 0.406250 0.099610
vt 0.406250 0.099610
vt 0.406250 0.099610
vt 0.406250 0.099610
vt 0.406250 0.099610
vt 0.406250 0.099610
vt 0.406250 0.099610
vt 0.406250 0.099610
vt 0.406250 0.099610
vt 0.406250 0.099610
vt 0.406250 0.099610
vt 0.406250 0.099610
vt 0.406250 0.099610
vt 0.406250 0.099610
vt 0.406250 0.099610
vt 0.406250 0.099610
vt 0.406250 0.099610
vt 0.406250 0.099610
vt 0.406250 0.099610
vt 0.406250 0.099610
vt 0.406250 0.099610
vt 0.406250 0.099610
vt 0.406250 0.099610
vt 0.406250 0.099610
vt 0.406250 0.099610
vt 0.406250 0.099610
vt 0.406250 0.099610
vt 0.406250 0.099610
vt 0.406250 0.099610
vt 0.406250 0.099610
vt 0.406250 0.099610
vt 0.406250 0.099610
vt 0.406250 0.099610
vt 0.406250 0.099610
vt 0.406250 0.099610
vt 0.406250 0.099610
vt 0.406250 0.099610
vt 0.406250 0.099610
vt 0.406250 0.099610
vt 0.406250 0.099610
vt 0.406250 0.099610
vt 0.406250 0.099610
vt 0.406250 0.099610
vt 0.406250 0.099610
vt 0.406250 0.099610
vt 0.406250 0.099610
vt 0.406250 0.099610
vt 0.406250 0.099610
vt 0.406250 0.099610
vt 0.406250 0.099610
vt 0.406250 0.099610
vt 0.406250 0.099610
vt 0.406250 0.099610
vt 0.406250 0.099610
vt 0.406250 0.099610
vt 0.406250 0.099610
vt 0.406250 0.099610
vt 0.406250 0.099610
vt 0.406250 0.099610
vt 0.406250 0.099610
vt 0.406250 0.099610
vt 0.406250 0.099610
vt 0.406250 0.099610
vt 0.406250 0.099610
vt 0.406250 0.099610
vt 0.406250 0.099610
vt 0.406250 0.099610
vt 0.406250 0.099610
vt 0.406250 0.099610
vt 0.406250 0.099610
vt 0.406250 0.099610
vt 0.406250 0.099610
vt 0.406250 0.099610
vt 0.406250 0.099610
vt 0.406250 0.099610
vt 0.406250 0.099610
vt 0.406250 0.099610
vt 0.406250 0.099610
vt 0.406250 0.099610
vt 0.406250 0.099610
vt 0.406250 0.099610
vt 0.406250 0.099610
vt 0.406250 0.099610
vt 0.406250 0.099610
vt 0.406250 0.099610
vt 0.406250 0.099610
vt 0.406250 0.099610
vt 0.406250 0.099610
vt 0.406250 0.099610
vt 0.406250 0.099610
vt 0.406250 0.099610
vt 0.406250 0.099610
vt 0.406250 0.099610
vt 0.406250 0.099610
vt 0.406250 0.099610
vt 0.406250 0.099610
vt 0.406250 0.099610
vt 0.406250 0.099610
vt 0.406250 0.099610
vt 0.406250 0.099610
vt 0.406250 0.099610
vt 0.406250 0.099610
vt 0.406250 0.099610
vt 0.406250 0.099610
vt 0.406250 0.099610
vt 0.406250 0.099610
vt 0.406250 0.099610
vt 0.406250 0.099610
vt 0.406250 0.099610
vt 0.406250 0.099610
vt 0.406250 0.099610
vt 0.406250 0.099610
vt 0.406250 0.099610
vt 0.406250 0.099610
vt 0.406250 0.099610
vt 0.406250 0.099610
vt 0.406250 0.099610
vt 0.406250 0.099610
vt 0.406250 0.099610
vt 0.406250 0.099610
vt 0.406250 0.099610
vt 0.437500 0.003910
vt 0.494140 0.041850
vt 0.437500 0.095340
vt 0.497210 0.109800
vt 0.497210 0.109800
vt 0.494140 0.041850
vt 0.492380 0.119770
vt 0.495200 0.084650
vt 0.437500 0.121090
vt 0.492380 0.119770
vt 0.495200 0.084650
vt 0.378910 0.041850
vt 0.377790 0.109800
vt 0.378910 0.041850
vt 0.377790 0.109800
vt 0.382620 0.119770
vt 0.379800 0.084650
vt 0.379800 0.084650
vt 0.382620 0.119770
vt 0.312500 0.060550
vt 0.312500 0.060550
vt 0.312500 0.001950
vt 0.312500 0.060550
vt 0.312500 0.001950
vt 0.312500 0.001950
vt 0.312500 0.060550
vt 0.312500 0.060550
vt 0.312500 0.001950
vt 0.312500 0.001950
vt 0.312500 0.001950
vt 0.312500 0.060550
vt 0.312500 0.001950
vt 0.312500 0.001950
vt 0.312500 0.001950
vt 0.312500 0.060550
vt 0.312500 0.060550
vt 0.312500 0.060550
vt 0.312500 0.001950
vt 0.312500 0.001950
vt 0.312500 0.060550
vt 0.312500 0.060550
vt 0.312500 0.060550
vt 0.599350 0.550030
vt 0.598970 0.550470
vt 0.596350 0.550360
vt 0.656510 0.550030
vt 0.659510 0.550360
vt 0.656890 0.550470
vt 0.640750 0.552900
vt 0.627930 0.552670
vt 0.652380 0.552580
vt 0.381790 0.990970
vt 0.496090 0.996100
vt 0.382280 0.916550
vt 0.591840 0.546500
vt 0.627930 0.546380
vt 0.595750 0.546780
vt 0.627930 0.547080
vt 0.664020 0.546500
vt 0.660110 0.546780
vt 0.627930 0.549070
vt 0.627930 0.548770
vt 0.650270 0.549110
vt 0.650390 0.548410
vt 0.605590 0.549110
vt 0.605470 0.548410
vt 0.653940 0.547790
vt 0.657830 0.547720
vt 0.650390 0.548410
vt 0.654460 0.548510
vt 0.601920 0.547790
vt 0.605470 0.548410
vt 0.598030 0.547720
vt 0.601400 0.548510
vt 0.627930 0.548020
vt 0.643470 0.548010
vt 0.627930 0.546670
vt 0.649020 0.546560
vt 0.612390 0.548010
vt 0.606830 0.546560
vt 0.605590 0.549110
vt 0.650270 0.549110
vt 0.601920 0.547790
vt 0.627930 0.547820
vt 0.653940 0.547790
vt 0.666080 0.547130
vt 0.666080 0.547130
vt 0.666080 0.547130
vt 0.660110 0.546780
vt 0.661240 0.546890
vt 0.649020 0.546560
vt 0.627930 0.552170
vt 0.637120 0.552380
vt 0.651080 0.552210
vt 0.640750 0.552900
vt 0.070310 0.023530
vt 0.060370 0.052620
vt 0.035160 0.001950
vt 0.035160 0.001950
vt 0.070310 0.023530
vt 0.035160 0.001950
vt 0.035160 0.001950
vt 0.035160 0.049350
vt 0.627930 0.547490
vt 0.627930 0.547490
vt 0.660110 0.546780
vt 0.663960 0.547140
vt 0.663960 0.547140
vt 0.663960 0.547140
vt 0.665380 0.546560
vt 0.661240 0.546890
vt 0.653780 0.550750
vt 0.589770 0.547130
vt 0.589770 0.547130
vt 0.595750 0.546780
vt 0.589770 0.547130
vt 0.594620 0.546890
vt 0.606830 0.546560
vt 0.615110 0.552900
vt 0.603480 0.552580
vt 0.381790 0.990970
vt 0.382280 0.916550
vt 0.604780 0.552210
vt 0.618740 0.552380
vt 0.615110 0.552900
vt 0.009940 0.052620
vt 0.001950 0.023530
vt 0.035160 0.001950
vt 0.035160 0.001950
vt 0.035160 0.001950
vt 0.001950 0.023530
vt 0.035160 0.001950
vt 0.591900 0.547140
vt 0.595750 0.546780
vt 0.591900 0.547140
vt 0.591900 0.547140
vt 0.590480 0.546560
vt 0.594620 0.546890
vt 0.602080 0.550750
vt 0.514490 0.850220
vt 0.533390 0.994140
vt 0.581320 0.871500
vt 0.625000 0.991260
vt 0.716610 0.994140
vt 0.735510 0.850220
vt 0.668680 0.871500
vt 0.496090 0.628910
vt 0.496090 0.780980
vt 0.391970 0.629150
vt 0.423900 0.823600
vt 0.378910 0.799960
vt 0.496090 0.925280
vt 0.625000 0.505190
vt 0.625000 0.707820
vt 0.686510 0.503910
vt 0.701570 0.691980
vt 0.563490 0.503910
vt 0.548430 0.691980
vt 0.729990 0.559400
vt 0.738130 0.740980
vt 0.719910 0.759620
vt 0.744140 0.779840
vt 0.625000 0.751330
vt 0.520010 0.559400
vt 0.511870 0.740980
vt 0.530090 0.759620
vt 0.505860 0.779840
vt 0.312500 0.060550
vt 0.312500 0.060550
vt 0.312500 0.001950
vt 0.312500 0.001950
vt 0.312500 0.001950
vt 0.312500 0.060550
vt 0.312500 0.001950
vt 0.312500 0.060550
vt 0.312500 0.001950
vt 0.312500 0.001950
vt 0.312500 0.060550
vt 0.312500 0.060550
vt 0.312500 0.060550
vt 0.312500 0.001950
vt 0.312500 0.060550
vt 0.312500 0.001950
vt 0.312500 0.001950
vt 0.312500 0.060550
vt 0.312500 0.001950
vt 0.312500 0.060550
vt 0.312500 0.001950
vt 0.312500 0.001950
vt 0.312500 0.060550
vt 0.312500 0.060550
vt 0.312500 0.060550
vt 0.312500 0.001950
vt 0.312500 0.060550
vt 0.312500 0.001950
vt 0.312500 0.001950
vt 0.312500 0.060550
vt 0.312500 0.001950
vt 0.312500 0.060550
vt 0.312500 0.001950
vt 0.312500 0.060550
vt 0.312500 0.001950
vt 0.312500 0.060550
vt 0.312500 0.060550
vt 0.312500 0.060550
vt 0.312500 0.001950
vt 0.312500 0.001950
vt 0.312500 0.001950
vt 0.498050 0.628910
vt 0.391970 0.629150
vt 0.423900 0.823600
vt 0.378910 0.799960
vt 0.060370 0.052620
vt 0.035160 0.060550
vt 0.035160 0.001950
vt 0.009940 0.052620
vt 0.516300 0.008980
vt 0.516300 0.008980
vt 0.516300 0.008980
vt 0.516300 0.008980
vt 0.516300 0.008980
vt 0.516300 0.008980
vt 0.516300 0.008980
vt 0.516300 0.008980
vt 0.516300 0.008980
vt 0.516300 0.008980
vt 0.516300 0.008980
vt 0.516300 0.008980
vt 0.683360 0.228280
vt 0.575720 0.249210
vt 0.611410 0.157820
vt 0.611410 0.157820
vt 0.575720 0.249210
vt 0.586190 0.152240
vt 0.586190 0.152240
vt 0.575720 0.249210
vt 0.563790 0.194380
vt 0.594370 0.311570
vt 0.514320 0.345260
vt 0.594370 0.311570
vt 0.718830 0.313990
vt 0.557600 0.022850
vt 0.555190 0.033910
vt 0.578920 0.064990
vt 0.609070 0.102060
vt 0.536190 0.127330
vt 0.567310 0.100550
vt 0.588090 0.156150
vt 0.962310 0.112330
vt 0.947610 0.174450
vt 0.906140 0.113400
vt 0.935410 0.042090
vt 0.860310 0.052230
vt 0.840300 0.134600
vt 0.705180 0.092390
vt 0.727490 0.161920
vt 0.634530 0.101710
vt 0.567410 0.102060
vt 0.567410 0.102060
vt 0.592320 0.008980
vt 0.743240 0.038440
vt 0.698140 0.016010
vt 0.644860 0.040920
vt 0.587790 0.013890
vt 0.555190 0.033910
vt 0.644860 0.040920
vt 0.697850 0.201330
vt 0.716380 0.265950
vt 0.516300 0.008980
vt 0.516300 0.008980
vt 0.516300 0.008980
vt 0.516300 0.008980
vt 0.516300 0.008980
vt 0.872160 0.495830
vt 0.827160 0.473610
vt 0.887770 0.434900
vt 0.935150 0.394180
vt 0.552890 0.412040
vt 0.861120 0.503910
vt 0.830930 0.607870
vt 0.919070 0.607870
vt 0.884980 0.503910
vt 0.646100 0.492580
vt 0.645690 0.437320
vt 0.725070 0.441690
vt 0.753920 0.648700
vt 0.875000 0.678900
vt 0.992170 0.648700
vt 0.739160 0.284070
vt 0.723450 0.306610
vt 0.851860 0.343560
vt 0.848290 0.325630
vt 0.919740 0.356690
vt 0.739160 0.284070
vt 0.585220 0.189970
vt 0.554920 0.172060
vt 0.563790 0.194380
vt 0.554920 0.172060
vt 0.588090 0.156150
vt 0.573890 0.239220
vt 0.949640 0.212220
vt 0.962730 0.267250
vt 0.841360 0.208430
vt 0.899180 0.313200
vt 0.531290 0.247120
vt 0.514320 0.345260
vt 0.561130 0.269670
vt 0.531290 0.247120
vt 0.514320 0.345260
vt 0.634530 0.101710
vt 0.727490 0.161920
vt 0.758290 0.225950
vt 0.789510 0.176420
vt 0.843570 0.184660
vt 0.743170 0.043480
vt 0.743240 0.038440
vt 0.743170 0.043480
vt 0.516300 0.008980
vt 0.561130 0.269670
vt 0.505430 0.346400
vt 0.509730 0.347590
vt 0.516300 0.008980
vt 0.511540 0.347560
vt 0.505430 0.347370
vt 0.561120 0.269640
vt 0.516300 0.008980
vt 0.516300 0.008980
vt 0.514310 0.345230
vt 0.557600 0.022850
vt 0.584510 0.005030
vt 0.948860 0.004180
vt 0.969170 0.025530
vt 0.903270 0.007010
vt 0.860060 0.004770
vt 0.833320 0.026700
vt 0.833320 0.026700
vt 0.903270 0.007010
vt 0.875000 0.748050
vt 0.994140 0.737970
vt 0.753910 0.737970
vt 0.681520 0.231240
vt 0.620440 0.155790
vt 0.568450 0.220240
vt 0.568450 0.220240
vt 0.620440 0.155790
vt 0.586180 0.152200
vt 0.568450 0.220240
vt 0.586180 0.152200
vt 0.563780 0.194340
vt 0.596160 0.311530
vt 0.514310 0.345230
vt 0.596160 0.311530
vt 0.718800 0.313960
vt 0.557600 0.022820
vt 0.578910 0.064950
vt 0.555180 0.033870
vt 0.609060 0.102020
vt 0.567300 0.100510
vt 0.536180 0.127290
vt 0.588080 0.156120
vt 0.947640 0.174430
vt 0.962340 0.112300
vt 0.906170 0.113380
vt 0.935440 0.042060
vt 0.860340 0.052200
vt 0.840330 0.132510
vt 0.697900 0.090360
vt 0.632700 0.101670
vt 0.731080 0.157890
vt 0.609060 0.102020
vt 0.632700 0.101670
vt 0.614040 0.010940
vt 0.743210 0.038410
vt 0.644840 0.040880
vt 0.698120 0.015970
vt 0.644840 0.040880
vt 0.587780 0.013850
vt 0.555180 0.033870
vt 0.614040 0.010940
vt 0.697830 0.201300
vt 0.716350 0.265910
vt 0.528990 0.013970
vt 0.528990 0.013970
vt 0.528990 0.013970
vt 0.528990 0.013970
vt 0.528990 0.013970
vt 0.838600 0.479850
vt 0.873460 0.495860
vt 0.889070 0.439070
vt 0.923760 0.393160
vt 0.552880 0.412010
vt 0.642180 0.492550
vt 0.725040 0.441660
vt 0.643720 0.437280
vt 0.723420 0.306570
vt 0.737320 0.285040
vt 0.849580 0.323570
vt 0.851880 0.342540
vt 0.921040 0.356700
vt 0.737320 0.285040
vt 0.585210 0.189930
vt 0.563780 0.194340
vt 0.554920 0.172030
vt 0.554920 0.172030
vt 0.588080 0.156120
vt 0.573880 0.239190
vt 0.965300 0.267250
vt 0.949670 0.212210
vt 0.842660 0.208420
vt 0.900470 0.312170
vt 0.531290 0.247080
vt 0.561120 0.269640
vt 0.514310 0.345230
vt 0.531290 0.247080
vt 0.632700 0.101670
vt 0.731080 0.157890
vt 0.789540 0.177450
vt 0.759590 0.226980
vt 0.847400 0.185680
vt 0.711480 0.046720
vt 0.738760 0.023870
vt 0.717780 0.047440
vt 0.743210 0.038410
vt 0.739520 0.046440
vt 0.739520 0.046440
vt 0.528990 0.013970
vt 0.528990 0.013970
vt 0.586310 0.004990
vt 0.969200 0.025490
vt 0.948890 0.003110
vt 0.903300 0.006970
vt 0.860080 0.003700
vt 0.833350 0.026670
vt 0.903300 0.006970
vt 0.833350 0.026670
vt 0.711840 0.005520
vt 0.738760 0.023870
vt 0.974320 0.301270
vt 0.991660 0.403850
vt 0.948010 0.400910
vt 0.991660 0.403850
vt 0.921040 0.356700
vt 0.849580 0.323570
vt 0.923760 0.393160
vt 0.921040 0.356700
vt 0.948010 0.400910
vt 0.856890 0.297110
vt 0.954130 0.072570
vt 0.969200 0.025490
vt 0.935440 0.042060
vt 0.838620 0.170080
vt 0.847400 0.185680
vt 0.971100 0.192210
vt 0.971100 0.192210
vt 0.847400 0.185680
vt 0.759590 0.226980
vt 0.759590 0.226980
vt 0.856890 0.297110
vt 0.900470 0.312170
vt 0.842660 0.208420
vt 0.760500 0.132500
vt 0.840330 0.132510
vt 0.838620 0.170080
vt 0.947640 0.174430
vt 0.960820 0.426010
vt 0.838600 0.479850
vt 0.900470 0.312170
vt 0.990350 0.276070
vt 0.990350 0.276070
vt 0.953120 0.917690
vt 0.993280 0.756160
vt 0.994050 0.996090
vt 0.798830 0.916410
vt 0.754540 0.994320
vt 0.755420 0.753910
vt 0.874020 0.795400
vt 0.960080 0.754210
vt 0.974610 0.917690
vt 0.775390 0.916410
vt 0.788620 0.755860
vt 0.788620 0.755860
vt 0.807270 0.994320
vt 0.775390 0.916410
vt 0.874390 0.917250
vt 0.874390 0.917250
vt 0.974610 0.917690
vt 0.947180 0.996090
vt 0.953120 0.917690
vt 0.994050 0.996090
vt 0.993280 0.756160
vt 0.798830 0.916410
vt 0.755420 0.753910
vt 0.754540 0.994320
vt 0.874020 0.795400
vt 0.974610 0.917690
vt 0.960080 0.754210
vt 0.775390 0.916410
vt 0.788620 0.755860
vt 0.807270 0.994320
vt 0.874390 0.917250
vt 0.775390 0.916410
vt 0.874390 0.917250
vt 0.974610 0.917690
vt 0.947180 0.996090
vt 0.272460 0.706710
vt 0.251950 0.748050
vt 0.251950 0.626950
vt 0.373050 0.748050
vt 0.350260 0.707030
vt 0.373050 0.626950
vt 0.356450 0.626950
vt 0.363930 0.707030
vt 0.311330 0.647140
vt 0.266600 0.626950
vt 0.258790 0.706710
vt 0.272460 0.706710
vt 0.251950 0.626950
vt 0.251950 0.748050
vt 0.373050 0.748050
vt 0.373050 0.626950
vt 0.350260 0.707030
vt 0.363930 0.707030
vt 0.356450 0.626950
vt 0.311330 0.647140
vt 0.266600 0.626950
vt 0.258790 0.706710
vt 0.350590 0.748050
vt 0.363930 0.707030
vt 0.271480 0.748050
vt 0.258790 0.706710
vt 0.271480 0.748050
vt 0.258790 0.706710
vt 0.350590 0.748050
vt 0.363930 0.707030
vt 0.267520 0.627620
vt 0.354550 0.627600
vt 0.312200 0.645800
vt 0.354550 0.627600
vt 0.361680 0.735970
vt 0.261100 0.735720
vt 0.267520 0.627620
vt 0.372680 0.747750
vt 0.352890 0.735970
vt 0.372130 0.627600
vt 0.271840 0.735720
vt 0.252620 0.747130
vt 0.252880 0.627620
vt 0.354490 0.627600
vt 0.312170 0.645830
vt 0.267580 0.627600
vt 0.267580 0.627600
vt 0.261070 0.735680
vt 0.361650 0.736000
vt 0.354490 0.627600
vt 0.252600 0.747070
vt 0.252930 0.627600
vt 0.271810 0.735680
vt 0.352860 0.736000
vt 0.372070 0.627600
vt 0.372720 0.747720
vt 0.273760 0.733720
vt 0.350910 0.734050
vt 0.252600 0.747070
vt 0.372720 0.747720
vt 0.372680 0.747750
vt 0.252620 0.747130
vt 0.350940 0.734020
vt 0.273800 0.733770
vt 0.971750 0.301260
vt 0.990360 0.402800
vt 0.947980 0.400890
vt 0.990360 0.402800
vt 0.919740 0.356690
vt 0.848290 0.325630
vt 0.935150 0.394180
vt 0.919740 0.356690
vt 0.947980 0.400890
vt 0.856860 0.297100
vt 0.954090 0.072600
vt 0.969170 0.025530
vt 0.935410 0.042090
vt 0.836050 0.168020
vt 0.843570 0.184660
vt 0.971070 0.192220
vt 0.843570 0.184660
vt 0.971070 0.192220
vt 0.758290 0.225950
vt 0.758290 0.225950
vt 0.856860 0.297100
vt 0.841360 0.208430
vt 0.899180 0.313200
vt 0.760510 0.132360
vt 0.840300 0.134600
vt 0.836050 0.168020
vt 0.860310 0.052230
vt 0.855850 0.053040
vt 0.837860 0.042950
vt 0.947610 0.174450
vt 0.960790 0.425990
vt 0.827160 0.473610
vt 0.899180 0.313200
vt 0.992860 0.276070
vt 0.992860 0.276070
vt 0.869760 0.017880
vt 0.837860 0.042950
vt 0.157080 0.234890
vt 0.203880 0.234890
vt 0.203880 0.234890
vt 0.049150 0.236140
vt 0.048300 0.236770
vt 0.144580 0.239760
vt 0.157080 0.234890
vt 0.203880 0.234890
vt 0.203880 0.234890
vt 0.049360 0.199880
vt 0.049670 0.199780
vt 0.146600 0.187500
vt 0.157080 0.234890
vt 0.203880 0.234890
vt 0.203880 0.234890
vt 0.048300 0.236770
vt 0.049150 0.236620
vt 0.145850 0.238870
vt 0.157080 0.234890
vt 0.203880 0.234890
vt 0.203880 0.234890
vt 0.049670 0.200260
vt 0.049360 0.199880
vt 0.146120 0.188580
vt 0.146600 0.187980
vt 0.144580 0.240240
vt 0.146120 0.188100
vt 0.145850 0.238390
vt 0.221260 0.227120
vt 0.220700 0.189730
vt 0.258930 0.227120
vt 0.258930 0.190290
vt 0.171390 0.196800
vt 0.171870 0.197370
vt 0.146600 0.187980
vt 0.171870 0.197370
vt 0.145850 0.238870
vt 0.049670 0.200260
vt 0.049150 0.236620
vt 0.171480 0.235520
vt 0.144580 0.240240
vt 0.170860 0.236260
vt 0.146120 0.188580
vt 0.171390 0.196800
vt 0.170860 0.236260
vt 0.171480 0.235520
vt 0.049360 0.199880
vt 0.048300 0.236770
vt 0.157080 0.234890
vt 0.157080 0.234890
vt 0.203880 0.234890
vt 0.203880 0.234890
vt 0.258930 0.227120
vt 0.258930 0.190290
vt 0.221260 0.227120
vt 0.220700 0.189730
vt 0.171870 0.196890
vt 0.171390 0.196320
vt 0.171870 0.196890
vt 0.146600 0.187500
vt 0.171480 0.235040
vt 0.145850 0.238390
vt 0.049150 0.236140
vt 0.146120 0.188100
vt 0.171390 0.196320
vt 0.144580 0.239760
vt 0.170860 0.235780
vt 0.170860 0.235780
vt 0.171480 0.235040
vt 0.048300 0.236770
vt 0.049360 0.199880
vt 0.049670 0.199780
vt 0.157080 0.234890
vt 0.157080 0.234890
vt 0.203880 0.234890
vt 0.203880 0.234890
vt 0.025000 0.662500
vt 0.025000 0.662500
vt 0.025000 0.662500
vt 0.025000 0.662500
vt 0.025000 0.662500
vt 0.025000 0.662500
vt 0.025000 0.662500
vt 0.025000 0.662500
vt 0.025000 0.662500
vt 0.025000 0.662500
vt 0.025000 0.662500
vt 0.025000 0.662500
vt 0.025000 0.662500
vt 0.025000 0.662500
vt 0.025000 0.662500
vt 0.025000 0.662500
vt 0.025000 0.662500
vt 0.025000 0.662500
vt 0.025000 0.662500
vt 0.025000 0.662500
vt 0.025000 0.662500
vt 0.025000 0.662500
vt 0.025000 0.662500
vt 0.025000 0.662500
vt 0.025000 0.662500
vt 0.025000 0.662500
vt 0.025000 0.662500
vt 0.025000 0.662500
vt 0.025000 0.662500
vt 0.025000 0.662500
vt 0.025000 0.662500
vt 0.025000 0.662500
vt 0.025000 0.662500
vt 0.025000 0.662500
vt 0.025000 0.662500
vt 0.025000 0.662500
vt 0.025000 0.662500
vt 0.025000 0.662500
vt 0.025000 0.662500
vt 0.025000 0.662500
vt 0.025000 0.662500
vt 0.025000 0.662500
vt 0.025000 0.662500
vt 0.025000 0.662500
vt 0.025000 0.662500
vt 0.025000 0.662500
vt 0.025000 0.662500
vt 0.025000 0.662500
vt 0.025000 0.662500
vt 0.025000 0.662500
vt 0.025000 0.662500
vt 0.025000 0.662500
vt 0.025000 0.662500
vt 0.025000 0.662500
vt 0.025000 0.662500
vt 0.025000 0.662500
vt 0.025000 0.662500
vt 0.025000 0.662500
vt 0.025000 0.662500
vt 0.025000 0.662500
vt 0.025000 0.662500
vt 0.025000 0.662500
vt 0.025000 0.662500
vt 0.025000 0.662500
vt 0.025000 0.662500
vt 0.025000 0.662500
vt 0.025000 0.662500
vt 0.025000 0.662500
vt 0.025000 0.662500
vt 0.025000 0.662500
vt 0.025000 0.662500
vt 0.025000 0.662500
vt 0.149170 0.807290
vt 0.067420 0.814100
vt 0.192690 0.986540
vt 0.099560 0.996090
vt 0.025000 0.662500
vt 0.025000 0.662500
vt 0.025000 0.662500
vt 0.025000 0.662500
vt 0.025000 0.662500
vt 0.025000 0.662500
vt 0.025000 0.662500
vt 0.025000 0.662500
vt 0.025000 0.662500
vt 0.025000 0.662500
vt 0.025000 0.662500
vt 0.025000 0.662500
vt 0.025000 0.662500
vt 0.025000 0.662500
vt 0.025000 0.662500
vt 0.025000 0.662500
vt 0.025000 0.662500
vt 0.025000 0.662500
vt 0.025000 0.662500
vt 0.025000 0.662500
vt 0.025000 0.662500
vt 0.025000 0.662500
vt 0.025000 0.662500
vt 0.025000 0.662500
vt 0.025000 0.662500
vt 0.025000 0.662500
vt 0.025000 0.662500
vt 0.025000 0.662500
vt 0.025000 0.662500
vt 0.025000 0.662500
vt 0.025000 0.662500
vt 0.025000 0.662500
vt 0.025000 0.662500
vt 0.025000 0.662500
vt 0.025000 0.662500
vt 0.025000 0.662500
vt 0.025000 0.662500
vt 0.025000 0.662500
vt 0.025000 0.662500
vt 0.025000 0.662500
vt 0.025000 0.662500
vt 0.025000 0.662500
vt 0.025000 0.662500
vt 0.025000 0.662500
vt 0.025000 0.662500
vt 0.025000 0.662500
vt 0.025000 0.662500
vt 0.025000 0.662500
vt 0.025000 0.662500
vt 0.025000 0.662500
vt 0.025000 0.662500
vt 0.017700 0.838200
vt 0.235230 0.828930
vt 0.025000 0.662500
vt 0.025000 0.662500
vt 0.025000 0.662500
vt 0.025000 0.662500
vt 0.025000 0.662500
vt 0.025000 0.662500
vt 0.025000 0.662500
vt 0.025000 0.662500
vt 0.025000 0.662500
vt 0.025000 0.662500
vt 0.025000 0.662500
vt 0.025000 0.662500
vt 0.025000 0.662500
vt 0.025000 0.662500
vt 0.025000 0.662500
vt 0.025000 0.662500
vt 0.200360 0.982580
vt 0.244140 0.817200
vt 0.192690 0.986540
vt 0.025000 0.662500
vt 0.025000 0.662500
vt 0.025000 0.662500
vt 0.025000 0.662500
vt 0.025000 0.662500
vt 0.025000 0.662500
vt 0.025000 0.662500
vt 0.025000 0.662500
vt 0.025000 0.662500
vt 0.025000 0.662500
vt 0.025000 0.662500
vt 0.025000 0.662500
vt 0.025000 0.662500
vt 0.025000 0.662500
vt 0.025000 0.662500
vt 0.025000 0.662500
vt 0.025000 0.662500
vt 0.025000 0.662500
vt 0.025000 0.662500
vt 0.025000 0.662500
vt 0.025000 0.662500
vt 0.025000 0.662500
vt 0.025000 0.662500
vt 0.025000 0.662500
vt 0.025000 0.662500
vt 0.025000 0.662500
vt 0.025000 0.662500
vt 0.025000 0.662500
vt 0.025000 0.662500
vt 0.025000 0.662500
vt 0.025000 0.662500
vt 0.025000 0.662500
vt 0.025000 0.662500
vt 0.025000 0.662500
vt 0.025000 0.662500
vt 0.025000 0.662500
vt 0.025000 0.662500
vt 0.025000 0.662500
vt 0.025000 0.662500
vt 0.025000 0.662500
vt 0.025000 0.662500
vt 0.025000 0.662500
vt 0.025000 0.662500
vt 0.025000 0.662500
vt 0.025000 0.662500
vt 0.025000 0.662500
vt 0.025000 0.662500
vt 0.025000 0.662500
vt 0.025000 0.662500
vt 0.025000 0.662500
vt 0.025000 0.662500
vt 0.025000 0.662500
vt 0.025000 0.662500
vt 0.025000 0.662500
vt 0.025000 0.662500
vt 0.025000 0.662500
vt 0.025000 0.662500
vt 0.025000 0.662500
vt 0.025000 0.662500
vt 0.025000 0.662500
vt 0.025000 0.662500
vt 0.025000 0.662500
vt 0.025000 0.662500
vt 0.025000 0.662500
vt 0.025000 0.662500
vt 0.025000 0.662500
vt 0.025000 0.662500
vt 0.025000 0.662500
vt 0.025000 0.662500
vt 0.025000 0.662500
vt 0.025000 0.662500
vt 0.025000 0.662500
vt 0.025000 0.662500
vt 0.025000 0.662500
vt 0.025000 0.662500
vt 0.025000 0.662500
vt 0.025000 0.662500
vt 0.025000 0.662500
vt 0.025000 0.662500
vt 0.025000 0.662500
vt 0.025000 0.662500
vt 0.025000 0.662500
vt 0.025000 0.662500
vt 0.025000 0.662500
vt 0.149170 0.807290
vt 0.192690 0.986540
vt 0.067420 0.814100
vt 0.099560 0.996090
vt 0.025000 0.662500
vt 0.025000 0.662500
vt 0.025000 0.662500
vt 0.025000 0.662500
vt 0.025000 0.662500
vt 0.025000 0.662500
vt 0.025000 0.662500
vt 0.025000 0.662500
vt 0.025000 0.662500
vt 0.025000 0.662500
vt 0.025000 0.662500
vt 0.025000 0.662500
vt 0.025000 0.662500
vt 0.025000 0.662500
vt 0.025000 0.662500
vt 0.025000 0.662500
vt 0.025000 0.662500
vt 0.025000 0.662500
vt 0.025000 0.662500
vt 0.025000 0.662500
vt 0.025000 0.662500
vt 0.025000 0.662500
vt 0.025000 0.662500
vt 0.025000 0.662500
vt 0.025000 0.662500
vt 0.025000 0.662500
vt 0.017700 0.838200
vt 0.025000 0.662500
vt 0.025000 0.662500
vt 0.025000 0.662500
vt 0.025000 0.662500
vt 0.025000 0.662500
vt 0.025000 0.662500
vt 0.025000 0.662500
vt 0.025000 0.662500
vt 0.025000 0.662500
vt 0.025000 0.662500
vt 0.235230 0.828930
vt 0.025000 0.662500
vt 0.025000 0.662500
vt 0.025000 0.662500
vt 0.025000 0.662500
vt 0.025000 0.662500
vt 0.025000 0.662500
vt 0.025000 0.662500
vt 0.025000 0.662500
vt 0.025000 0.662500
vt 0.025000 0.662500
vt 0.025000 0.662500
vt 0.025000 0.662500
vt 0.025000 0.662500
vt 0.025000 0.662500
vt 0.025000 0.662500
vt 0.025000 0.662500
vt 0.025000 0.662500
vt 0.025000 0.662500
vt 0.192690 0.986540
vt 0.235230 0.828930
vt 0.200360 0.982580
vt 0.244140 0.817200
vt 0.025000 0.662500
vt 0.025000 0.662500
vt 0.025000 0.662500
vt 0.025000 0.662500
vt 0.025000 0.662500
vt 0.025000 0.662500
vt 0.025000 0.662500
vt 0.025000 0.662500
vt 0.025000 0.662500
vt 0.025000 0.662500
vt 0.737700 0.045310
vt 0.737700 0.045310
vt 0.737700 0.045310
vt 0.737700 0.045310
vt 0.737700 0.045310
vt 0.737700 0.045310
vt 0.737700 0.045310
vt 0.737700 0.045310
vt 0.737700 0.045310
vt 0.737700 0.045310
vt 0.737700 0.045310
vt 0.737700 0.045310
vt 0.737700 0.045310
vt 0.737700 0.045310
vt 0.737700 0.045310
vt 0.737700 0.045310
vt 0.810080 0.034200
vt 0.715600 0.042490
vt 0.748600 0.171160
vt 0.737700 0.045310
vt 0.737700 0.045310
vt 0.737700 0.045310
vt 0.737700 0.045310
vt 0.737700 0.045310
vt 0.737700 0.045310
vt 0.737700 0.045310
vt 0.737700 0.045310
vt 0.737700 0.045310
vt 0.737700 0.045310
vt 0.715600 0.042490
vt 0.810080 0.034200
vt 0.748600 0.171160
vt 0.737700 0.045310
vt 0.737700 0.045310
vt 0.737700 0.045310
vt 0.737700 0.045310
vt 0.737700 0.045310
vt 0.737700 0.045310
vt 0.737700 0.045310
vt 0.737700 0.045310
vt 0.737700 0.045310
vt 0.737700 0.045310
vt 0.737700 0.045310
vt 0.737700 0.045310
vt 0.737700 0.045310
vt 0.876950 0.706980
vt 0.773440 0.652340
vt 0.839840 0.889320
vt 0.988280 0.836590
vt 0.737700 0.045310
vt 0.737700 0.045310
vt 0.737700 0.045310
vt 0.737700 0.045310
vt 0.737700 0.045310
vt 0.737700 0.045310
vt 0.737700 0.045310
vt 0.737700 0.045310
vt 0.737700 0.045310
vt 0.737700 0.045310
vt 0.737700 0.045310
vt 0.737700 0.045310
vt 0.737700 0.045310
vt 0.737700 0.045310
vt 0.737700 0.045310
vt 0.737700 0.045310
vt 0.737700 0.045310
vt 0.737700 0.045310
vt 0.737700 0.045310
vt 0.737700 0.045310
vt 0.737700 0.045310
vt 0.737700 0.045310
vt 0.737700 0.045310
vt 0.788410 0.658200
vt 0.876950 0.706980
vt 0.832030 0.886070
vt 0.989580 0.837890
vt 0.893030 0.114770
vt 0.893900 0.305930
vt 0.931360 0.230150
vt 0.758920 0.230520
vt 0.779850 0.326170
vt 0.793340 0.166760
vt 0.758920 0.230520
vt 0.779850 0.326170
vt 0.708470 0.247410
vt 0.007810 0.242640
vt 0.025930 0.299670
vt 0.030470 0.276990
vt 0.708470 0.247410
vt 0.306100 0.299670
vt 0.322260 0.242640
vt 0.301560 0.276990
vt 0.793340 0.166760
vt 0.849200 0.097510
vt 0.870600 0.015630
vt 0.905600 0.072280
vt 0.931360 0.230150
vt 0.994140 0.202980
vt 0.990150 0.074810
vt 0.893030 0.114770
vt 0.931360 0.230150
vt 0.893900 0.305930
vt 0.849200 0.097510
vt 0.870600 0.015630
vt 0.905600 0.072280
vt 0.931360 0.230150
vt 0.166020 0.090560
vt 0.223070 0.097370
vt 0.166020 0.058690
vt 0.269080 0.082710
vt 0.224310 0.003910
vt 0.290040 0.047040
vt 0.224310 0.003910
vt 0.266360 0.018410
vt 0.217570 0.324220
vt 0.166020 0.292770
vt 0.110550 0.324220
vt 0.166020 0.090560
vt 0.184980 0.104660
vt 0.147050 0.104660
vt 0.166020 0.222230
vt 0.224630 0.219350
vt 0.177460 0.180710
vt 0.308750 0.108950
vt 0.298540 0.252770
vt 0.177430 0.156450
vt 0.184980 0.104660
vt 0.033490 0.252770
vt 0.062950 0.082710
vt 0.107720 0.003910
vt 0.041990 0.047040
vt 0.107720 0.003910
vt 0.065680 0.018410
vt 0.108960 0.097370
vt 0.166020 0.058690
vt 0.154570 0.180710
vt 0.107400 0.219350
vt 0.023280 0.108950
vt 0.154600 0.156450
vt 0.147050 0.104660
vt 0.154600 0.156450
vt 0.177430 0.156450
vt 0.147050 0.104660
vt 0.184980 0.104660
vt 0.697550 0.394150
vt 0.840710 0.441630
vt 0.673960 0.444380
vt 0.731300 0.509930
vt 0.865030 0.562620
vt 0.952560 0.551590
vt 0.979360 0.483750
vt 0.752560 0.583980
vt 0.743210 0.583980
vt 0.754860 0.640630
vt 0.745290 0.640630
vt 0.738670 0.351710
vt 0.933320 0.374440
vt 0.833200 0.335350
vt 0.694940 0.393540
vt 0.671360 0.443770
vt 0.838100 0.441020
vt 0.728690 0.509320
vt 0.862420 0.562010
vt 0.949950 0.550980
vt 0.976750 0.483140
vt 0.741210 0.640630
vt 0.753440 0.640630
vt 0.745890 0.583980
vt 0.758410 0.583980
vt 0.736070 0.351100
vt 0.930710 0.373830
vt 0.830590 0.334740
vt 0.706860 0.583980
vt 0.700510 0.640630
vt 0.715520 0.583980
vt 0.710180 0.640630
vt 0.715520 0.583980
vt 0.725570 0.583980
vt 0.722060 0.640630
vt 0.787110 0.640630
vt 0.696270 0.640630
vt 0.789060 0.583980
vt 0.696270 0.640630
vt 0.695170 0.583980
vt 0.789060 0.583980
vt 0.768680 0.583980
vt 0.763010 0.640630
vt 0.782170 0.583980
vt 0.778610 0.640630
vt 0.700510 0.640630
vt 0.695170 0.583980
vt 0.706860 0.583980
vt 0.787110 0.640630
vt 0.699220 0.640630
vt 0.771480 0.640630
vt 0.699220 0.583980
vt 0.771480 0.583980
vt 0.777340 0.640630
vt 0.707490 0.640630
vt 0.777340 0.583980
vt 0.709820 0.583980
vt 0.729780 0.640630
vt 0.728590 0.583980
vt 0.722110 0.640630
vt 0.719520 0.583980
vt 0.722110 0.640630
vt 0.759870 0.583980
vt 0.762700 0.640630
vt 0.771780 0.583980
vt 0.773000 0.640630
vt 0.715500 0.640630
vt 0.709820 0.583980
vt 0.712140 0.583980
vt 0.715500 0.640630
vt 0.722110 0.640630
vt 0.712140 0.583980
vt 0.963090 0.619780
vt 0.963540 0.619910
vt 0.963180 0.619890
vt 0.963180 0.619890
vt 0.963540 0.619910
vt 0.963740 0.619950
vt 0.963740 0.619950
vt 0.963540 0.619910
vt 0.963090 0.619780
vt 0.963090 0.619780
vt 0.963520 0.619700
vt 0.964210 0.619820
vt 0.963610 0.619800
vt 0.963610 0.619800
vt 0.964210 0.619820
vt 0.963880 0.619880
vt 0.963880 0.619880
vt 0.964210 0.619820
vt 0.963520 0.619700
vt 0.963520 0.619700
vt 0.972020 0.619700
vt 0.971670 0.619880
vt 0.971940 0.619800
vt 0.971330 0.619820
vt 0.971330 0.619820
vt 0.972020 0.619700
vt 0.971670 0.619880
vt 0.972020 0.619700
vt 0.971330 0.619820
vt 0.972460 0.619780
vt 0.971810 0.619950
vt 0.972370 0.619890
vt 0.972000 0.619910
vt 0.972000 0.619910
vt 0.972460 0.619780
vt 0.971810 0.619950
vt 0.972460 0.619780
vt 0.972000 0.619910
usemtl body
s off
f 1/1 2/2 3/3
f 3/3 2/2 4/4
f 5/5 6/6 7/7
f 7/7 6/6 8/8
f 9/9 10/10 11/11
f 12/12 13/13 14/14
f 15/15 16/16 17/17
f 17/17 16/16 18/18
f 19/19 18/18 16/16
f 20/20 21/21 22/22
f 22/22 21/21 23/23
f 24/24 22/22 23/23
f 25/25 26/26 4/4
f 4/4 26/26 3/3
f 27/27 28/28 8/8
f 8/8 28/28 7/7
f 29/29 30/30 31/31
f 31/31 13/13 12/12
f 32/32 12/12 5/5
f 5/5 12/12 33/33
f 34/34 35/35 36/36
f 36/36 35/35 37/37
f 38/38 39/39 40/40
f 40/40 39/39 41/41
f 42/42 43/43 44/44
f 45/45 46/46 47/47
f 47/47 46/46 48/48
f 49/49 44/44 43/43
f 50/50 51/51 49/49
f 49/49 51/51 44/44
f 52/52 53/53 54/54
f 54/54 53/53 55/55
f 56/56 57/57 58/58
f 59/59 60/60 61/61
f 61/61 60/60 62/62
f 63/63 64/64 65/65
f 65/65 64/64 66/66
f 67/67 68/68 69/69
f 69/69 68/68 70/70
f 71/71 72/72 73/73
f 74/74 75/75 76/76
f 76/76 70/70 77/77
f 78/78 79/79 80/80
f 81/81 82/82 83/83
f 83/83 82/82 84/84
f 85/85 86/86 87/87
f 87/87 86/86 88/88
f 89/89 71/71 73/73
f 90/90 78/78 80/80
f 91/91 92/92 21/21
f 21/21 92/92 93/93
f 94/94 95/95 91/91
f 91/91 95/95 96/96
f 97/97 56/56 58/58
f 98/98 51/51 99/99
f 99/99 51/51 50/50
f 100/100 101/101 102/102
f 102/102 101/101 77/77
f 102/102 103/103 104/104
f 104/104 103/103 105/105
f 24/24 81/81 106/106
f 106/106 81/81 107/107
f 108/108 109/109 20/20
f 20/20 109/109 110/110
f 111/111 112/112 113/113
f 113/113 112/112 114/114
f 115/115 116/116 117/117
f 117/117 116/116 118/118
f 119/119 120/120 121/121
f 121/121 120/120 122/122
f 123/123 124/124 125/125
f 125/125 124/124 126/126
f 127/127 128/128 129/129
f 125/125 126/126 130/130
f 130/130 126/126 131/131
f 132/132 133/133 134/134
f 135/135 136/136 137/137
f 138/138 139/139 140/140
f 121/121 139/139 141/141
f 142/142 143/143 144/144
f 144/144 143/143 145/145
f 146/146 147/147 148/148
f 148/148 147/147 149/149
f 29/29 150/150 151/151
f 151/151 150/150 152/152
f 153/153 154/154 155/155
f 155/155 32/32 156/156
f 157/157 158/158 159/159
f 159/159 158/158 160/160
f 17/17 161/161 162/162
f 162/162 161/161 163/163
f 162/162 163/163 164/164
f 164/164 165/165 166/166
f 167/167 129/129 128/128
f 168/168 134/134 133/133
f 169/169 135/135 137/137
f 170/170 130/130 171/171
f 171/171 130/130 131/131
f 172/172 7/7 173/173
f 173/173 7/7 174/174
f 175/175 176/176 177/177
f 177/177 176/176 178/178
f 179/179 180/180 19/19
f 19/19 180/180 181/181
f 182/182 183/183 184/184
f 184/184 183/183 185/185
f 186/186 187/187 188/188
f 188/188 187/187 189/189
f 190/190 191/191 192/192
f 192/192 191/191 193/193
f 190/190 194/194 195/195
f 195/195 194/194 196/196
f 197/197 198/198 199/199
f 199/199 198/198 200/200
f 197/197 201/201 202/202
f 202/202 201/201 203/203
f 204/204 205/205 206/206
f 206/206 205/205 207/207
f 207/207 205/205 208/208
f 207/207 208/208 209/209
f 210/210 211/211 212/212
f 210/210 212/212 213/213
f 214/214 215/215 216/216
f 214/214 216/216 217/217
f 217/217 216/216 218/218
f 217/217 218/218 219/219
f 220/220 221/221 222/222
f 220/220 222/222 223/223
f 224/224 225/225 226/226
f 226/226 225/225 227/227
f 227/227 225/225 228/228
f 227/227 228/228 229/229
f 230/230 231/231 232/232
f 230/230 232/232 233/233
f 234/234 235/235 236/236
f 234/234 236/236 237/237
f 237/237 236/236 238/238
f 237/237 238/238 239/239
f 240/240 241/241 242/242
f 240/240 242/242 243/243
f 244/244 245/245 246/246
f 246/246 245/245 247/247
f 248/248 249/249 250/250
f 250/250 249/249 251/251
f 252/252 253/253 254/254
f 254/254 253/253 255/255
f 256/256 257/257 258/258
f 258/258 257/257 259/259
f 260/260 261/261 262/262
f 262/262 261/261 263/263
f 264/264 265/265 266/266
f 266/266 265/265 267/267
f 268/268 269/269 270/270
f 270/270 269/269 271/271
f 272/272 273/273 274/274
f 274/274 273/273 275/275
f 276/276 277/277 278/278
f 278/278 277/277 279/279
f 280/280 281/281 278/278
f 278/278 281/281 276/276
f 282/282 283/283 284/284
f 284/284 283/283 285/285
f 285/285 283/283 286/286
f 286/286 283/283 287/287
f 284/284 285/285 288/288
f 288/288 285/285 289/289
f 286/286 290/290 285/285
f 285/285 290/290 289/289
f 277/277 276/276 291/291
f 291/291 276/276 292/292
f 281/281 293/293 276/276
f 276/276 293/293 292/292
f 292/292 293/293 294/294
f 294/294 293/293 295/295
f 296/296 297/297 298/298
f 298/298 297/297 299/299
f 300/300 301/301 302/302
f 302/302 301/301 303/303
f 289/289 304/304 288/288
f 288/288 304/304 305/305
f 266/266 267/267 306/306
f 306/306 267/267 307/307
f 307/307 308/308 306/306
f 309/309 308/308 310/310
f 311/311 312/312 282/282
f 283/283 308/308 287/287
f 283/283 282/282 308/308
f 261/261 313/313 263/263
f 263/263 311/311 314/314
f 255/255 315/315 316/316
f 316/316 315/315 317/317
f 316/316 317/317 318/318
f 318/318 317/317 256/256
f 319/319 320/320 321/321
f 321/321 320/320 322/322
f 321/321 322/322 323/323
f 323/323 322/322 324/324
f 325/325 319/319 321/321
f 326/326 319/319 325/325
f 263/263 314/314 327/327
f 327/327 328/328 263/263
f 263/263 328/328 262/262
f 329/329 330/330 267/267
f 267/267 330/330 307/307
f 331/331 332/332 333/333
f 334/334 335/335 336/336
f 336/336 335/335 331/331
f 337/337 338/338 339/339
f 339/339 340/340 329/329
f 329/329 340/340 330/330
f 341/341 342/342 343/343
f 343/343 342/342 344/344
f 343/343 345/345 346/346
f 347/347 346/346 348/348
f 348/348 346/346 349/349
f 348/348 349/349 328/328
f 256/256 349/349 350/350
f 333/333 336/336 331/331
f 257/257 256/256 317/317
f 259/259 351/351 258/258
f 327/327 348/348 328/328
f 352/352 337/337 339/339
f 346/346 345/345 349/349
f 353/353 354/354 355/355
f 355/355 354/354 356/356
f 322/322 354/354 324/324
f 316/316 339/339 255/255
f 315/315 255/255 253/253
f 357/357 252/252 254/254
f 267/267 265/265 255/255
f 269/269 358/358 271/271
f 271/271 358/358 359/359
f 359/359 358/358 360/360
f 360/360 361/361 362/362
f 363/363 364/364 280/280
f 278/278 279/279 360/360
f 278/278 360/360 280/280
f 274/274 275/275 365/365
f 364/364 275/275 366/366
f 251/251 367/367 368/368
f 368/368 367/367 369/369
f 368/368 369/369 370/370
f 370/370 369/369 244/244
f 371/371 372/372 373/373
f 373/373 372/372 374/374
f 373/373 374/374 375/375
f 375/375 374/374 376/376
f 376/376 374/374 377/377
f 378/378 372/372 371/371
f 379/379 378/378 371/371
f 275/275 380/380 366/366
f 380/380 275/275 381/381
f 381/381 275/275 273/273
f 382/382 271/271 383/383
f 383/383 271/271 359/359
f 384/384 385/385 386/386
f 387/387 388/388 389/389
f 389/389 388/388 384/384
f 390/390 391/391 392/392
f 393/393 392/392 382/382
f 393/393 382/382 383/383
f 394/394 395/395 396/396
f 396/396 395/395 397/397
f 398/398 395/395 399/399
f 400/400 401/401 399/399
f 399/399 401/401 402/402
f 402/402 401/401 381/381
f 402/402 244/244 403/403
f 385/385 384/384 388/388
f 246/246 370/370 244/244
f 247/247 245/245 404/404
f 380/380 381/381 401/401
f 405/405 392/392 391/391
f 399/399 402/402 398/398
f 376/376 406/406 407/407
f 367/367 251/251 392/392
f 368/368 250/250 251/251
f 408/408 249/249 248/248
f 271/271 251/251 270/270
f 409/409 406/406 367/367
f 367/367 406/406 369/369
f 409/409 375/375 406/406
f 379/379 376/376 378/378
f 378/378 398/398 377/377
f 310/310 261/261 309/309
f 309/309 261/261 266/266
f 325/325 324/324 326/326
f 326/326 324/324 345/345
f 361/361 269/269 362/362
f 362/362 269/269 274/274
f 410/410 411/411 355/355
f 355/355 411/411 353/353
f 412/412 413/413 414/414
f 414/414 413/413 415/415
f 414/414 415/415 416/416
f 414/414 416/416 417/417
f 414/414 417/417 418/418
f 414/414 418/418 419/419
f 414/414 419/419 420/420
f 414/414 420/420 421/421
f 414/414 421/421 422/422
f 414/414 422/422 412/412
f 423/423 424/424 425/425
f 425/425 424/424 426/426
f 425/425 426/426 427/427
f 425/425 427/427 428/428
f 425/425 428/428 429/429
f 425/425 429/429 430/430
f 425/425 430/430 431/431
f 425/425 431/431 432/432
f 425/425 432/432 433/433
f 425/425 433/433 423/423
f 434/434 435/435 436/436
f 436/436 435/435 437/437
f 437/437 435/435 438/438
f 438/438 435/435 439/439
f 439/439 435/435 440/440
f 440/440 435/435 441/441
f 441/441 435/435 442/442
f 442/442 435/435 443/443
f 443/443 435/435 444/444
f 444/444 435/435 434/434
f 445/445 446/446 447/447
f 447/447 446/446 448/448
f 448/448 446/446 449/449
f 449/449 446/446 450/450
f 450/450 446/446 451/451
f 451/451 446/446 452/452
f 452/452 446/446 453/453
f 453/453 446/446 454/454
f 454/454 446/446 455/455
f 455/455 446/446 445/445
f 456/456 457/457 458/458
f 458/458 457/457 459/459
f 458/458 459/459 460/460
f 458/458 460/460 461/461
f 458/458 461/461 462/462
f 458/458 462/462 463/463
f 458/458 463/463 464/464
f 458/458 464/464 465/465
f 458/458 465/465 466/466
f 458/458 466/466 456/456
f 467/467 468/468 469/469
f 469/469 468/468 470/470
f 469/469 470/470 471/471
f 469/469 471/471 472/472
f 469/469 472/472 473/473
f 469/469 473/473 474/474
f 469/469 474/474 475/475
f 469/469 475/475 476/476
f 469/469 476/476 477/477
f 469/469 477/477 467/467
f 478/478 479/479 480/480
f 480/480 479/479 481/481
f 481/481 479/479 482/482
f 482/482 479/479 483/483
f 483/483 479/479 484/484
f 484/484 479/479 485/485
f 485/485 479/479 486/486
f 486/486 479/479 487/487
f 487/487 479/479 488/488
f 488/488 479/479 478/478
f 489/489 490/490 491/491
f 491/491 490/490 492/492
f 492/492 490/490 493/493
f 493/493 490/490 494/494
f 494/494 490/490 495/495
f 495/495 490/490 496/496
f 496/496 490/490 497/497
f 497/497 490/490 498/498
f 498/498 490/490 499/499
f 499/499 490/490 489/489
f 500/500 501/501 502/502
f 502/502 501/501 503/503
f 504/504 505/505 506/506
f 506/506 505/505 507/507
f 507/507 505/505 508/508
f 509/509 500/500 510/510
f 510/510 500/500 502/502
f 504/504 506/506 511/511
f 512/512 513/513 514/514
f 510/510 513/513 509/509
f 512/512 515/515 516/516
f 516/516 515/515 517/517
f 513/513 512/512 516/516
f 518/518 519/519 511/511
f 511/511 519/519 504/504
f 518/518 520/520 519/519
f 519/519 520/520 521/521
f 522/522 523/523 505/505
f 505/505 523/523 508/508
f 524/524 525/525 501/501
f 501/501 525/525 503/503
f 522/522 526/526 523/523
f 527/527 528/528 529/529
f 529/529 525/525 524/524
f 527/527 530/530 515/515
f 515/515 530/530 517/517
f 529/529 530/530 527/527
f 531/531 526/526 521/521
f 521/521 526/526 522/522
f 531/531 521/521 520/520
f 532/532 533/533 534/534
f 535/535 536/536 537/537
f 538/538 539/539 540/540
f 541/541 542/542 543/543
f 534/534 533/533 544/544
f 540/540 545/545 538/538
f 538/538 532/532 539/539
f 539/539 532/532 534/534
f 546/546 541/541 547/547
f 547/547 541/541 543/543
f 540/540 548/548 545/545
f 545/545 548/548 549/549
f 546/546 549/549 548/548
f 546/546 547/547 549/549
f 550/550 551/551 552/552
f 553/553 554/554 555/555
f 537/537 556/556 535/535
f 551/551 550/550 557/557
f 550/550 552/552 536/536
f 536/536 552/552 537/537
f 558/558 559/559 553/553
f 553/553 559/559 554/554
f 551/551 557/557 560/560
f 560/560 557/557 561/561
f 558/558 560/560 561/561
f 558/558 561/561 559/559
f 562/562 563/563 564/564
f 564/564 563/563 565/565
f 566/566 567/567 568/568
f 568/568 567/567 569/569
f 570/570 571/571 568/568
f 568/568 571/571 566/566
f 570/570 563/563 571/571
f 571/571 563/563 562/562
f 572/572 564/564 565/565
f 573/573 572/572 574/574
f 574/574 572/572 565/565
f 575/575 569/569 567/567
f 573/573 574/574 575/575
f 575/575 574/574 569/569
f 576/576 577/577 578/578
f 578/578 577/577 579/579
f 580/580 581/581 582/582
f 583/583 584/584 585/585
f 585/585 584/584 586/586
f 586/586 584/584 587/587
f 587/587 584/584 588/588
f 589/589 590/590 591/591
f 592/592 593/593 585/585
f 585/585 593/593 583/583
f 594/594 595/595 577/577
f 577/577 595/595 596/596
f 597/597 598/598 599/599
f 597/597 599/599 600/600
f 601/601 592/592 585/585
f 601/601 585/585 602/602
f 601/601 603/603 604/604
f 605/605 606/606 607/607
f 576/576 608/608 577/577
f 577/577 608/608 594/594
f 609/609 577/577 596/596
f 609/609 596/596 610/610
f 610/610 596/596 611/611
f 610/610 611/611 612/612
f 612/612 611/611 613/613
f 614/614 615/615 616/616
f 616/616 615/615 617/617
f 617/617 615/615 618/618
f 619/619 601/601 604/604
f 620/620 621/621 622/622
f 622/622 621/621 623/623
f 624/624 625/625 626/626
f 627/627 628/628 629/629
f 629/629 628/628 630/630
f 629/629 630/630 631/631
f 632/632 633/633 634/634
f 634/634 633/633 635/635
f 636/636 628/628 637/637
f 637/637 628/628 627/627
f 638/638 622/622 639/639
f 639/639 622/622 640/640
f 641/641 642/642 643/643
f 641/641 643/643 644/644
f 636/636 645/645 628/628
f 628/628 645/645 646/646
f 646/646 645/645 647/647
f 648/648 649/649 650/650
f 620/620 622/622 651/651
f 651/651 622/622 638/638
f 652/652 640/640 622/622
f 652/652 653/653 640/640
f 640/640 653/653 654/654
f 654/654 653/653 655/655
f 656/656 657/657 658/658
f 656/656 658/658 659/659
f 659/659 658/658 660/660
f 645/645 661/661 647/647
f 662/662 631/631 630/630
f 663/663 648/648 650/650
f 624/624 621/621 635/635
f 635/635 621/621 620/620
f 664/664 665/665 666/666
f 666/666 665/665 667/667
f 668/668 669/669 650/650
f 670/670 655/655 653/653
f 671/671 658/658 657/657
f 634/634 672/672 632/632
f 632/632 672/672 673/673
f 673/673 672/672 674/674
f 673/673 674/674 675/675
f 676/676 677/677 641/641
f 644/644 676/676 641/641
f 678/678 647/647 679/679
f 679/679 647/647 661/661
f 649/649 668/668 650/650
f 680/680 618/618 615/615
f 681/681 605/605 607/607
f 591/591 576/576 580/580
f 580/580 576/576 578/578
f 682/682 683/683 684/684
f 684/684 683/683 685/685
f 686/686 687/687 605/605
f 590/590 688/688 689/689
f 689/689 688/688 690/690
f 690/690 688/688 691/691
f 690/690 691/691 692/692
f 693/693 694/694 599/599
f 598/598 693/693 599/599
f 695/695 619/619 696/696
f 696/696 619/619 604/604
f 681/681 686/686 605/605
f 689/689 591/591 590/590
f 697/697 698/698 699/699
f 699/699 698/698 700/700
f 701/701 702/702 703/703
f 701/701 703/703 704/704
f 705/705 706/706 707/707
f 705/705 707/707 708/708
f 709/709 710/710 711/711
f 709/709 711/711 712/712
f 713/713 714/714 715/715
f 715/715 714/714 716/716
f 717/717 718/718 719/719
f 719/719 718/718 720/720
f 721/721 722/722 723/723
f 723/723 722/722 724/724
f 719/719 725/725 722/722
f 722/722 725/725 726/726
f 727/727 720/720 728/728
f 728/728 720/720 729/729
f 729/729 720/720 718/718
f 730/730 731/731 732/732
f 732/732 731/731 733/733
f 734/734 735/735 736/736
f 737/737 738/738 739/739
f 739/739 738/738 740/740
f 739/739 740/740 741/741
f 742/742 743/743 744/744
f 744/744 743/743 745/745
f 744/744 745/745 746/746
f 747/747 748/748 749/749
f 747/747 749/749 750/750
f 750/750 749/749 751/751
f 752/752 750/750 753/753
f 754/754 750/750 751/751
f 738/738 737/737 754/754
f 743/743 742/742 755/755
f 755/755 742/742 756/756
f 757/757 758/758 759/759
f 759/759 758/758 760/760
f 761/761 762/762 763/763
f 763/763 762/762 764/764
f 765/765 717/717 766/766
f 766/766 717/717 721/721
f 766/766 721/721 723/723
f 733/733 765/765 766/766
f 724/724 722/722 767/767
f 767/767 722/722 726/726
f 768/768 769/769 770/770
f 771/771 772/772 773/773
f 773/773 772/772 774/774
f 775/775 776/776 777/777
f 777/777 776/776 778/778
f 733/733 766/766 723/723
f 779/779 759/759 780/780
f 780/780 759/759 760/760
f 781/781 782/782 783/783
f 784/784 785/785 786/786
f 776/776 775/775 787/787
f 787/787 775/775 788/788
f 789/789 778/778 776/776
f 790/790 786/786 785/785
f 791/791 731/731 730/730
f 792/792 793/793 794/794
f 795/795 774/774 796/796
f 797/797 741/741 740/740
f 756/756 798/798 799/799
f 799/799 798/798 744/744
f 780/780 760/760 788/788
f 760/760 758/758 776/776
f 776/776 758/758 800/800
f 801/801 802/802 803/803
f 803/803 802/802 804/804
f 804/804 802/802 805/805
f 806/806 807/807 808/808
f 808/808 807/807 809/809
f 809/809 807/807 810/810
f 811/811 812/812 813/813
f 813/813 812/812 814/814
f 814/814 812/812 815/815
f 814/814 815/815 816/816
f 817/817 818/818 815/815
f 815/815 819/819 816/816
f 803/803 819/819 801/801
f 808/808 820/820 806/806
f 806/806 820/820 821/821
f 822/822 780/780 788/788
f 779/779 780/780 822/822
f 757/757 823/823 758/758
f 758/758 823/823 800/800
f 824/824 825/825 826/826
f 827/827 790/790 785/785
f 828/828 829/829 830/830
f 831/831 832/832 761/761
f 833/833 804/804 805/805
f 834/834 835/835 836/836
f 836/836 835/835 807/807
f 837/837 838/838 839/839
f 839/839 838/838 840/840
f 840/840 838/838 841/841
f 842/842 843/843 844/844
f 844/844 843/843 845/845
f 846/846 847/847 848/848
f 846/846 848/848 849/849
f 850/850 851/851 852/852
f 852/852 851/851 853/853
f 854/854 768/768 770/770
f 855/855 749/749 748/748
f 856/856 841/841 838/838
f 857/857 858/858 859/859
f 859/859 858/858 860/860
f 860/860 858/858 861/861
f 861/861 858/858 862/862
f 863/863 864/864 865/865
f 865/865 864/864 866/866
f 867/867 868/868 869/869
f 867/867 869/869 870/870
f 871/871 824/824 826/826
f 872/872 873/873 874/874
f 874/874 873/873 875/875
f 876/876 877/877 878/878
f 878/878 877/877 879/879
f 880/880 881/881 882/882
f 882/882 881/881 883/883
f 884/884 885/885 886/886
f 876/876 878/878 887/887
f 887/887 878/878 888/888
f 889/889 890/890 891/891
f 891/891 892/892 889/889
f 884/884 893/893 894/894
f 893/893 884/884 886/886
f 895/895 896/896 897/897
f 898/898 899/899 900/900
f 901/901 902/902 903/903
f 903/903 902/902 904/904
f 905/905 906/906 907/907
f 908/908 909/909 910/910
f 908/908 910/910 911/911
f 900/900 912/912 898/898
f 913/913 914/914 915/915
f 915/915 914/914 916/916
f 917/917 907/907 906/906
f 918/918 919/919 920/920
f 921/921 922/922 923/923
f 924/924 925/925 926/926
f 927/927 928/928 929/929
f 930/930 931/931 932/932
f 932/932 931/931 933/933
f 934/934 935/935 931/931
f 931/931 935/935 933/933
f 936/936 937/937 938/938
f 938/938 937/937 939/939
f 936/936 940/940 937/937
f 937/937 940/940 941/941
f 942/942 943/943 944/944
f 944/944 943/943 945/945
f 946/946 947/947 948/948
f 948/948 947/947 949/949
f 950/950 951/951 952/952
f 952/952 951/951 953/953
f 950/950 952/952 954/954
f 954/954 952/952 955/955
f 947/947 956/956 949/949
f 949/949 956/956 918/918
f 944/944 945/945 957/957
f 957/957 945/945 921/921
f 958/958 959/959 941/941
f 941/941 959/959 937/937
f 960/960 939/939 959/959
f 959/959 939/939 937/937
f 945/945 943/943 951/951
f 951/951 943/943 953/953
f 953/953 943/943 961/961
f 962/962 943/943 935/935
f 963/963 964/964 965/965
f 963/963 965/965 966/966
f 957/957 921/921 923/923
f 967/967 968/968 969/969
f 969/969 968/968 970/970
f 971/971 972/972 973/973
f 971/971 973/973 974/974
f 975/975 976/976 977/977
f 975/975 977/977 978/978
f 960/960 959/959 979/979
f 979/979 959/959 958/958
f 980/980 981/981 982/982
f 983/983 964/964 943/943
f 983/983 943/943 942/942
f 984/984 960/960 979/979
f 985/985 953/953 986/986
f 935/935 979/979 933/933
f 933/933 979/979 932/932
f 987/987 957/957 923/923
f 969/969 970/970 926/926
f 949/949 954/954 948/948
f 948/948 954/954 955/955
f 948/948 955/955 988/988
f 948/948 989/989 932/932
f 990/990 991/991 992/992
f 992/992 991/991 993/993
f 956/956 919/919 918/918
f 994/994 995/995 925/925
f 928/928 996/996 997/997
f 967/967 998/998 999/999
f 999/999 998/998 1000/1000
f 1001/1001 1002/1002 1003/1003
f 1003/1003 1002/1002 1004/1004
f 1005/1005 1006/1006 1007/1007
f 1007/1007 1006/1006 978/978
f 979/979 1008/1008 1009/1009
f 990/990 1010/1010 948/948
f 948/948 1010/1010 946/946
f 958/958 1011/1011 979/979
f 1012/1012 1013/1013 955/955
f 1014/1014 919/919 956/956
f 998/998 995/995 1000/1000
f 932/932 1013/1013 930/930
f 930/930 1013/1013 1012/1012
f 934/934 985/985 935/935
f 935/935 985/985 986/986
f 1015/1015 1016/1016 1017/1017
f 1017/1017 1016/1016 1018/1018
f 1019/1019 1020/1020 1021/1021
f 1019/1019 1021/1021 1018/1018
f 1022/1022 1023/1023 1024/1024
f 1024/1024 1023/1023 1025/1025
f 1024/1024 1025/1025 1026/1026
f 1026/1026 1025/1025 997/997
f 928/928 997/997 1027/1027
f 1027/1027 997/997 1025/1025
f 1027/1027 1025/1025 1023/1023
f 1028/1028 1029/1029 1030/1030
f 1030/1030 1029/1029 1031/1031
f 1028/1028 1032/1032 1029/1029
f 1029/1029 1032/1032 1033/1033
f 1031/1031 1034/1034 1030/1030
f 1034/1034 1031/1031 1035/1035
f 1035/1035 1031/1031 1036/1036
f 1036/1036 1031/1031 1029/1029
f 1020/1020 1037/1037 1036/1036
f 1036/1036 1037/1037 1035/1035
f 1038/1038 1021/1021 1036/1036
f 1036/1036 1021/1021 1020/1020
f 1038/1038 1036/1036 1029/1029
f 1033/1033 1032/1032 1039/1039
f 1039/1039 1040/1040 1033/1033
f 1033/1033 1040/1040 1041/1041
f 1033/1033 1041/1041 1029/1029
f 1015/1015 1041/1041 1042/1042
f 1042/1042 1041/1041 1040/1040
f 1038/1038 1041/1041 1017/1017
f 1017/1017 1041/1041 1015/1015
f 1038/1038 1029/1029 1041/1041
f 1017/1017 1018/1018 1021/1021
f 1017/1017 1021/1021 1038/1038
f 1043/1043 1044/1044 1045/1045
f 1045/1045 1044/1044 1046/1046
f 1047/1047 1048/1048 1049/1049
f 1049/1049 1048/1048 1050/1050
f 1051/1051 1052/1052 1053/1053
f 1053/1053 1052/1052 1054/1054
f 1055/1055 1056/1056 1057/1057
f 1058/1058 1057/1057 1056/1056
f 1059/1059 1060/1060 1061/1061
f 1061/1061 1060/1060 1062/1062
f 1063/1063 1064/1064 1065/1065
f 1065/1065 1064/1064 1066/1066
f 1067/1067 1068/1068 1069/1069
f 1070/1070 897/897 896/896
f 1071/1071 1072/1072 1073/1073
f 1073/1073 1072/1072 1074/1074
f 1075/1075 1076/1076 1077/1077
f 1077/1077 1076/1076 1078/1078
f 1079/1079 1080/1080 1081/1081
f 1081/1081 1080/1080 1082/1082
f 1083/1083 1069/1069 1068/1068
f 1084/1084 1085/1085 1023/1023
f 1023/1023 1085/1085 1086/1086
f 1086/1086 1085/1085 1087/1087
f 1086/1086 1087/1087 929/929
f 928/928 1027/1027 929/929
f 929/929 1027/1027 1086/1086
f 1086/1086 1027/1027 1023/1023
f 1088/1088 1089/1089 973/973
f 973/973 1089/1089 1090/1090
f 1090/1090 1089/1089 1003/1003
f 1091/1091 1003/1003 1089/1089
f 1092/1092 1093/1093 1094/1094
f 1094/1094 1093/1093 1095/1095
f 1094/1094 1095/1095 1096/1096
f 1096/1096 1095/1095 1097/1097
f 1096/1096 1097/1097 1098/1098
f 1098/1098 1097/1097 1099/1099
f 1100/1100 1101/1101 1102/1102
f 1102/1102 1101/1101 1103/1103
f 1104/1104 1105/1105 1106/1106
f 1107/1107 1108/1108 1109/1109
f 1110/1110 1111/1111 1112/1112
f 1113/1113 1114/1114 1108/1108
f 1108/1108 1114/1114 1112/1112
f 1115/1115 1105/1105 1116/1116
f 1116/1116 1105/1105 1104/1104
f 1117/1117 1118/1118 1119/1119
f 1119/1119 1118/1118 1120/1120
f 1119/1119 1121/1121 1122/1122
f 1122/1122 1121/1121 1123/1123
f 1124/1124 1125/1125 1126/1126
f 1124/1124 1126/1126 1127/1127
f 1127/1127 1126/1126 1128/1128
f 1128/1128 1126/1126 1129/1129
f 1130/1130 1131/1131 1132/1132
f 1119/1119 1120/1120 1121/1121
f 1121/1121 1120/1120 1112/1112
f 1112/1112 1133/1133 1110/1110
f 1109/1109 1134/1134 1107/1107
f 1107/1107 1134/1134 1132/1132
f 1132/1132 1134/1134 1135/1135
f 1132/1132 1135/1135 1136/1136
f 1136/1136 1135/1135 1137/1137
f 1137/1137 1138/1138 1139/1139
f 1139/1139 1138/1138 1140/1140
f 1118/1118 1141/1141 1120/1120
f 1142/1142 1143/1143 1116/1116
f 1144/1144 1145/1145 1146/1146
f 1146/1146 1145/1145 1147/1147
f 1147/1147 1145/1145 1148/1148
f 1149/1149 1150/1150 1151/1151
f 1151/1151 1150/1150 1152/1152
f 1113/1113 1153/1153 1114/1114
f 1154/1154 1155/1155 1156/1156
f 1154/1154 1156/1156 1157/1157
f 1158/1158 1159/1159 1160/1160
f 1160/1160 1159/1159 1113/1113
f 1115/1115 1159/1159 1153/1153
f 1155/1155 1161/1161 1162/1162
f 1155/1155 1162/1162 1156/1156
f 1156/1156 1162/1162 1163/1163
f 1160/1160 1115/1115 1116/1116
f 1116/1116 1164/1164 1165/1165
f 1166/1166 1167/1167 1168/1168
f 1143/1143 1169/1169 1116/1116
f 1170/1170 1171/1171 1172/1172
f 1112/1112 1173/1173 1174/1174
f 1172/1172 1123/1123 1121/1121
f 1112/1112 1175/1175 1170/1170
f 1176/1176 1177/1177 1178/1178
f 1178/1178 1177/1177 1179/1179
f 1180/1180 1181/1181 1182/1182
f 1183/1183 1175/1175 1114/1114
f 1184/1184 1175/1175 1112/1112
f 1185/1185 1186/1186 1106/1106
f 1106/1106 1186/1186 1104/1104
f 1187/1187 1188/1188 1189/1189
f 1132/1132 1190/1190 1130/1130
f 1191/1191 1192/1192 1185/1185
f 1147/1147 1148/1148 1193/1193
f 1193/1193 1148/1148 1095/1095
f 1194/1194 1195/1195 1196/1196
f 1103/1103 1197/1197 1102/1102
f 1198/1198 1199/1199 1200/1200
f 1114/1114 1195/1195 1194/1194
f 1201/1201 1202/1202 1197/1197
f 1199/1199 1203/1203 1200/1200
f 1140/1140 1204/1204 1139/1139
f 1139/1139 1117/1117 1205/1205
f 1206/1206 1207/1207 1208/1208
f 1206/1206 1208/1208 1209/1209
f 1209/1209 1208/1208 1210/1210
f 1211/1211 1212/1212 1128/1128
f 1128/1128 1212/1212 1127/1127
f 1213/1213 1214/1214 1162/1162
f 1162/1162 1214/1214 1163/1163
f 1213/1213 1162/1162 1215/1215
f 1215/1215 1162/1162 1161/1161
f 1216/1216 1217/1217 1218/1218
f 1219/1219 1220/1220 1221/1221
f 1222/1222 1223/1223 1224/1224
f 1225/1225 1219/1219 1226/1226
f 1226/1226 1219/1219 1224/1224
f 1227/1227 1228/1228 1218/1218
f 1218/1218 1228/1228 1216/1216
f 1229/1229 1230/1230 1231/1231
f 1231/1231 1230/1230 1232/1232
f 1230/1230 1233/1233 1234/1234
f 1234/1234 1233/1233 1235/1235
f 1236/1236 1237/1237 1238/1238
f 1238/1238 1237/1237 1239/1239
f 1238/1238 1239/1239 1240/1240
f 1238/1238 1240/1240 1241/1241
f 1242/1242 1243/1243 1244/1244
f 1230/1230 1234/1234 1232/1232
f 1232/1232 1234/1234 1224/1224
f 1232/1232 1224/1224 1223/1223
f 1245/1245 1221/1221 1246/1246
f 1245/1245 1243/1243 1247/1247
f 1247/1247 1243/1243 1248/1248
f 1249/1249 1248/1248 1250/1250
f 1251/1251 1250/1250 1252/1252
f 1251/1251 1252/1252 1253/1253
f 1254/1254 1231/1231 1232/1232
f 1255/1255 1228/1228 1256/1256
f 1257/1257 1258/1258 1259/1259
f 1259/1259 1258/1258 1260/1260
f 1259/1259 1260/1260 1261/1261
f 1262/1262 1263/1263 1264/1264
f 1262/1262 1264/1264 1265/1265
f 1225/1225 1226/1226 1266/1266
f 1267/1267 1268/1268 1269/1269
f 1269/1269 1268/1268 1225/1225
f 1269/1269 1227/1227 1266/1266
f 1268/1268 1228/1228 1227/1227
f 1228/1228 1270/1270 1271/1271
f 1272/1272 1273/1273 1274/1274
f 1256/1256 1228/1228 1275/1275
f 1276/1276 1277/1277 1278/1278
f 1279/1279 1224/1224 1280/1280
f 1277/1277 1234/1234 1235/1235
f 1224/1224 1276/1276 1281/1281
f 1282/1282 1283/1283 1284/1284
f 1282/1282 1284/1284 1285/1285
f 1286/1286 1287/1287 1288/1288
f 1289/1289 1226/1226 1281/1281
f 1203/1203 1224/1224 1281/1281
f 1290/1290 1217/1217 1291/1291
f 1291/1291 1217/1217 1216/1216
f 1292/1292 1293/1293 1294/1294
f 1295/1295 1296/1296 1297/1297
f 1297/1297 1296/1296 1298/1298
f 1299/1299 1298/1298 1290/1290
f 1243/1243 1242/1242 1300/1300
f 1260/1260 1301/1301 1261/1261
f 1261/1261 1301/1301 1302/1302
f 1220/1220 1243/1243 1221/1221
f 1252/1252 1303/1303 1253/1253
f 1231/1231 1303/1303 1229/1229
f 1304/1304 1305/1305 1306/1306
f 1306/1306 1305/1305 1307/1307
f 1306/1306 1307/1307 1308/1308
f 1309/1309 1310/1310 1240/1240
f 1309/1309 1240/1240 1239/1239
f 1250/1250 1248/1248 1311/1311
f 1311/1311 1248/1248 1312/1312
f 1313/1313 1285/1285 1314/1314
f 1315/1315 1316/1316 1265/1265
f 1316/1316 1285/1285 1317/1317
f 1317/1317 1285/1285 1318/1318
f 1319/1319 1314/1314 1320/1320
f 1264/1264 1321/1321 1265/1265
f 1285/1285 1322/1322 1318/1318
f 1323/1323 1324/1324 1239/1239
f 1239/1239 1324/1324 1309/1309
f 1237/1237 1323/1323 1325/1325
f 1292/1292 1294/1294 1326/1326
f 1326/1326 1327/1327 1328/1328
f 1329/1329 1330/1330 1284/1284
f 1284/1284 1330/1330 1331/1331
f 1332/1332 1333/1333 1285/1285
f 1293/1293 1334/1334 1335/1335
f 1336/1336 1292/1292 1337/1337
f 1241/1241 1292/1292 1338/1338
f 1238/1238 1241/1241 1338/1338
f 1338/1338 1236/1236 1238/1238
f 1339/1339 1326/1326 1328/1328
f 1283/1283 1329/1329 1284/1284
f 1321/1321 1264/1264 1340/1340
f 1274/1274 1273/1273 1262/1262
f 1319/1319 1320/1320 1341/1341
f 1342/1342 1313/1313 1343/1343
f 1285/1285 1344/1344 1282/1282
f 1345/1345 1346/1346 1347/1347
f 1348/1348 1349/1349 1350/1350
f 1351/1351 1352/1352 1353/1353
f 1354/1354 1355/1355 1351/1351
f 1351/1351 1356/1356 1352/1352
f 1357/1357 1358/1358 1359/1359
f 1360/1360 1354/1354 1351/1351
f 1360/1360 1351/1351 1353/1353
f 1359/1359 1361/1361 1362/1362
f 1359/1359 1362/1362 1357/1357
f 1363/1363 1364/1364 1365/1365
f 1366/1366 1367/1367 1368/1368
f 1369/1369 1370/1370 1371/1371
f 1372/1372 1369/1369 1373/1373
f 1373/1373 1369/1369 1371/1371
f 1374/1374 1375/1375 1376/1376
f 1372/1372 1377/1377 1369/1369
f 1369/1369 1377/1377 1370/1370
f 1378/1378 1375/1375 1379/1379
f 1379/1379 1375/1375 1374/1374
f 1380/1380 1381/1381 1382/1382
f 1383/1383 1384/1384 1385/1385
f 1386/1386 1387/1387 1388/1388
f 1389/1389 1386/1386 1388/1388
f 1389/1389 1388/1388 1390/1390
f 1390/1390 1388/1388 1387/1387
f 1391/1391 1392/1392 1393/1393
f 1394/1394 1395/1395 1396/1396
f 1397/1397 1398/1398 1399/1399
f 1400/1400 1399/1399 1398/1398
f 1400/1400 1401/1401 1399/1399
f 1399/1399 1401/1401 1397/1397
f 1402/1402 1403/1403 1404/1404
f 1404/1404 1403/1403 1405/1405
f 1406/1406 1407/1407 1408/1408
f 1408/1408 1407/1407 1409/1409
f 1410/1410 1411/1411 1412/1412
f 1412/1412 1413/1413 1414/1414
f 1412/1412 1414/1414 1415/1415
f 1412/1412 1415/1415 1416/1416
f 1417/1417 1418/1418 1419/1419
f 1420/1420 1421/1421 1422/1422
f 1423/1423 1424/1424 1425/1425
f 1426/1426 1424/1424 1427/1427
f 1427/1427 1424/1424 1428/1428
f 1428/1428 1424/1424 1429/1429
f 1430/1430 1431/1431 1432/1432
f 1433/1433 1434/1434 1435/1435
f 1436/1436 1437/1437 1438/1438
f 1438/1438 1437/1437 1439/1439
f 1440/1440 1441/1441 1442/1442
f 1442/1442 1441/1441 1443/1443
f 1444/1444 1445/1445 1179/1179
f 1446/1446 1152/1152 1447/1447
f 1447/1447 1448/1448 1179/1179
f 1179/1179 1448/1448 1449/1449
f 1450/1450 1451/1451 1445/1445
f 1151/1151 1152/1152 1452/1452
f 1179/1179 1449/1449 1453/1453
f 1454/1454 1127/1127 1455/1455
f 1455/1455 1127/1127 1212/1212
f 1124/1124 1456/1456 1454/1454
f 1188/1188 1457/1457 1189/1189
f 1458/1458 1457/1457 1459/1459
f 1460/1460 1461/1461 1178/1178
f 1460/1460 1178/1178 1462/1462
f 1463/1463 1179/1179 1464/1464
f 1187/1187 1465/1465 1466/1466
f 1467/1467 1468/1468 1188/1188
f 1188/1188 1468/1468 1469/1469
f 1470/1470 1471/1471 1211/1211
f 1211/1211 1471/1471 1472/1472
f 1126/1126 1469/1469 1129/1129
f 1469/1469 1126/1126 1125/1125
f 1473/1473 1459/1459 1457/1457
f 1176/1176 1178/1178 1461/1461
f 1452/1452 1474/1474 1151/1151
f 1168/1168 1150/1150 1166/1166
f 1450/1450 1475/1475 1451/1451
f 1476/1476 1477/1477 1444/1444
f 1179/1179 1177/1177 1478/1478
f 1209/1209 1210/1210 1479/1479
f 1479/1479 1210/1210 1480/1480
f 1481/1481 1482/1482 1483/1483
f 1484/1484 1485/1485 1486/1486
f 1487/1487 1488/1488 1489/1489
f 1490/1490 1491/1491 1492/1492
f 1493/1493 1494/1494 1495/1495
f 1496/1496 1497/1497 1498/1498
f 1499/1499 1500/1500 1501/1501
f 1502/1502 1503/1503 1504/1504
f 1505/1505 1502/1502 1504/1504
f 1506/1506 1496/1496 1498/1498
f 1507/1507 1490/1490 1492/1492
f 1508/1508 1484/1484 1486/1486
f 1509/1509 1510/1510 1511/1511
f 1511/1511 1510/1510 1512/1512
f 1513/1513 1514/1514 1504/1504
f 1504/1504 1514/1514 1505/1505
f 1515/1515 1516/1516 1517/1517
f 1515/1515 1517/1517 1518/1518
f 1518/1518 1517/1517 1519/1519
f 1520/1520 1517/1517 1516/1516
f 1521/1521 1522/1522 1523/1523
f 1523/1523 1522/1522 1524/1524
f 1506/1506 1498/1498 1525/1525
f 1525/1525 1498/1498 1526/1526
f 1527/1527 1528/1528 1523/1523
f 1523/1523 1528/1528 1521/1521
f 1529/1529 1530/1530 1531/1531
f 1531/1531 1530/1530 1532/1532
f 1533/1533 1534/1534 1535/1535
f 1535/1535 1534/1534 1536/1536
f 1537/1537 1538/1538 1492/1492
f 1539/1539 1540/1540 1541/1541
f 1541/1541 1540/1540 1542/1542
f 1542/1542 1540/1540 1543/1543
f 1507/1507 1492/1492 1538/1538
f 1544/1544 1545/1545 1546/1546
f 1546/1546 1545/1545 1547/1547
f 1548/1548 1549/1549 1486/1486
f 1486/1486 1549/1549 1508/1508
f 1550/1550 1551/1551 1546/1546
f 1546/1546 1551/1551 1544/1544
f 1552/1552 1543/1543 1540/1540
f 1553/1553 1554/1554 1555/1555
f 1555/1555 1554/1554 1556/1556
f 1557/1557 1558/1558 1559/1559
f 1559/1559 1558/1558 1560/1560
f 1559/1559 1560/1560 1561/1561
f 1562/1562 1563/1563 1564/1564
f 1564/1564 1563/1563 1565/1565
f 1566/1566 1565/1565 1567/1567
f 1567/1567 1565/1565 1563/1563
f 1568/1568 1569/1569 1570/1570
f 1570/1570 1569/1569 1571/1571
f 1571/1571 1569/1569 1572/1572
f 1573/1573 1574/1574 1575/1575
f 1575/1575 1569/1569 1568/1568
f 1576/1576 1572/1572 1569/1569
f 1577/1577 1578/1578 1579/1579
f 1579/1579 1578/1578 1580/1580
f 1581/1581 1582/1582 1583/1583
f 1583/1583 1582/1582 1584/1584
f 1585/1585 1586/1586 1587/1587
f 1588/1588 1589/1589 1590/1590
f 1589/1589 1591/1591 1590/1590
f 1592/1592 1593/1593 1594/1594
f 1593/1593 1595/1595 1594/1594
f 1596/1596 1575/1575 1597/1597
f 1575/1575 1568/1568 1597/1597
f 1598/1598 1576/1576 1569/1569
f 1599/1599 1600/1600 1601/1601
f 1602/1602 1603/1603 1604/1604
f 1603/1603 1605/1605 1604/1604
f 1606/1606 1607/1607 1608/1608
f 1607/1607 1609/1609 1608/1608
f 1610/1610 1579/1579 1611/1611
f 1579/1579 1580/1580 1611/1611
f 1598/1598 1569/1569 1612/1612
f 1613/1613 1614/1614 1615/1615
f 1614/1614 1616/1616 1615/1615
f 1617/1617 1618/1618 1619/1619
f 1619/1619 1618/1618 1620/1620
f 1621/1621 1622/1622 1623/1623
f 1623/1623 1622/1622 1624/1624
f 1557/1557 1625/1625 1558/1558
f 1626/1626 1621/1621 1623/1623
f 1581/1581 1583/1583 1627/1627
f 1627/1627 1583/1583 1628/1628
f 1629/1629 1630/1630 1631/1631
f 1631/1631 1630/1630 1632/1632
f 1571/1571 1633/1633 1570/1570
f 1570/1570 1633/1633 1634/1634
f 1583/1583 1584/1584 1635/1635
f 1635/1635 1584/1584 1636/1636
f 1637/1637 1590/1590 1638/1638
f 1570/1570 1590/1590 1591/1591
f 1639/1639 1640/1640 1641/1641
f 1641/1641 1640/1640 1642/1642
f 1643/1643 1576/1576 1644/1644
f 1645/1645 1646/1646 1647/1647
f 1646/1646 1648/1648 1647/1647
f 1649/1649 1650/1650 1651/1651
f 1650/1650 1652/1652 1651/1651
f 1651/1651 1652/1652 1653/1653
f 1652/1652 1654/1654 1653/1653
f 1655/1655 1598/1598 1656/1656
f 1598/1598 1612/1612 1656/1656
f 1657/1657 1658/1658 1659/1659
f 1658/1658 1660/1660 1659/1659
f 1661/1661 1662/1662 1663/1663
f 1662/1662 1664/1664 1663/1663
f 1643/1643 1665/1665 1576/1576
f 1576/1576 1665/1665 1572/1572
f 1617/1617 1666/1666 1572/1572
f 1667/1667 1604/1604 1634/1634
f 1634/1634 1604/1604 1605/1605
f 1605/1605 1570/1570 1634/1634
f 1668/1668 1563/1563 1562/1562
f 1669/1669 1560/1560 1635/1635
f 1635/1635 1560/1560 1583/1583
f 1670/1670 1671/1671 1672/1672
f 1672/1672 1671/1671 1639/1639
f 1671/1671 1673/1673 1639/1639
f 1674/1674 1675/1675 1676/1676
f 1675/1675 1677/1677 1676/1676
f 1678/1678 1679/1679 1680/1680
f 1679/1679 1681/1681 1680/1680
f 1682/1682 1566/1566 1683/1683
f 1566/1566 1567/1567 1683/1683
f 1684/1684 1632/1632 1630/1630
f 1628/1628 1583/1583 1558/1558
f 1558/1558 1583/1583 1560/1560
f 1685/1685 1629/1629 1631/1631
f 1668/1668 1619/1619 1563/1563
f 1563/1563 1619/1619 1670/1670
f 1563/1563 1670/1670 1672/1672
f 1581/1581 1663/1663 1582/1582
f 1663/1663 1664/1664 1582/1582
f 1627/1627 1686/1686 1581/1581
f 1686/1686 1687/1687 1581/1581
f 1617/1617 1688/1688 1618/1618
f 1688/1688 1689/1689 1618/1618
f 1690/1690 1691/1691 1692/1692
f 1691/1691 1693/1693 1692/1692
f 1694/1694 1695/1695 1686/1686
f 1695/1695 1687/1687 1686/1686
f 1696/1696 1689/1689 1697/1697
f 1689/1689 1688/1688 1697/1697
f 1698/1698 1643/1643 1699/1699
f 1643/1643 1644/1644 1699/1699
f 1584/1584 1609/1609 1636/1636
f 1609/1609 1607/1607 1636/1636
f 1700/1700 1701/1701 1647/1647
f 1701/1701 1645/1645 1647/1647
f 1702/1702 1703/1703 1704/1704
f 1703/1703 1685/1685 1704/1704
f 1667/1667 1634/1634 1705/1705
f 1634/1634 1633/1633 1705/1705
f 1557/1557 1681/1681 1625/1625
f 1681/1681 1679/1679 1625/1625
f 1621/1621 1677/1677 1706/1706
f 1677/1677 1675/1675 1706/1706
f 1582/1582 1595/1595 1584/1584
f 1595/1595 1593/1593 1584/1584
f 1707/1707 1708/1708 1615/1615
f 1708/1708 1613/1613 1615/1615
f 1709/1709 1710/1710 1711/1711
f 1711/1711 1710/1710 1712/1712
f 1712/1712 1710/1710 1713/1713
f 1714/1714 1715/1715 1716/1716
f 1716/1716 1715/1715 1717/1717
f 1718/1718 1719/1719 1717/1717
f 1717/1717 1719/1719 1716/1716
f 1720/1720 1721/1721 1722/1722
f 1722/1722 1721/1721 1723/1723
f 1722/1722 1723/1723 1724/1724
f 1725/1725 1726/1726 1727/1727
f 1722/1722 1726/1726 1720/1720
f 1728/1728 1722/1722 1724/1724
f 1729/1729 1730/1730 1731/1731
f 1731/1731 1730/1730 1732/1732
f 1733/1733 1734/1734 1735/1735
f 1735/1735 1734/1734 1736/1736
f 1737/1737 1738/1738 1739/1739
f 1740/1740 1741/1741 1742/1742
f 1741/1741 1743/1743 1742/1742
f 1744/1744 1720/1720 1745/1745
f 1720/1720 1726/1726 1737/1737
f 1746/1746 1747/1747 1748/1748
f 1747/1747 1749/1749 1748/1748
f 1750/1750 1722/1722 1728/1728
f 1751/1751 1752/1752 1753/1753
f 1754/1754 1755/1755 1756/1756
f 1755/1755 1757/1757 1756/1756
f 1758/1758 1732/1732 1759/1759
f 1732/1732 1730/1730 1759/1759
f 1760/1760 1761/1761 1762/1762
f 1761/1761 1763/1763 1762/1762
f 1750/1750 1764/1764 1722/1722
f 1765/1765 1766/1766 1767/1767
f 1766/1766 1768/1768 1767/1767
f 1768/1768 1766/1766 1769/1769
f 1766/1766 1770/1770 1769/1769
f 1771/1771 1772/1772 1773/1773
f 1772/1772 1774/1774 1773/1773
f 1775/1775 1776/1776 1750/1750
f 1776/1776 1764/1764 1750/1750
f 1777/1777 1778/1778 1779/1779
f 1779/1779 1778/1778 1780/1780
f 1781/1781 1782/1782 1783/1783
f 1783/1783 1782/1782 1784/1784
f 1709/1709 1711/1711 1785/1785
f 1781/1781 1786/1786 1782/1782
f 1733/1733 1787/1787 1734/1734
f 1734/1734 1787/1787 1788/1788
f 1789/1789 1790/1790 1791/1791
f 1791/1791 1790/1790 1792/1792
f 1723/1723 1721/1721 1793/1793
f 1793/1793 1721/1721 1794/1794
f 1734/1734 1795/1795 1736/1736
f 1736/1736 1795/1795 1796/1796
f 1797/1797 1798/1798 1743/1743
f 1743/1743 1721/1721 1742/1742
f 1799/1799 1800/1800 1801/1801
f 1801/1801 1800/1800 1802/1802
f 1803/1803 1804/1804 1728/1728
f 1805/1805 1806/1806 1807/1807
f 1806/1806 1808/1808 1807/1807
f 1808/1808 1806/1806 1809/1809
f 1806/1806 1810/1810 1809/1809
f 1811/1811 1812/1812 1813/1813
f 1812/1812 1814/1814 1813/1813
f 1815/1815 1816/1816 1803/1803
f 1816/1816 1804/1804 1803/1803
f 1803/1803 1728/1728 1817/1817
f 1817/1817 1728/1728 1818/1818
f 1728/1728 1724/1724 1778/1778
f 1819/1819 1791/1791 1792/1792
f 1820/1820 1794/1794 1757/1757
f 1757/1757 1794/1794 1756/1756
f 1756/1756 1794/1794 1721/1721
f 1821/1821 1714/1714 1716/1716
f 1822/1822 1795/1795 1712/1712
f 1712/1712 1795/1795 1734/1734
f 1823/1823 1824/1824 1825/1825
f 1825/1825 1824/1824 1826/1826
f 1824/1824 1827/1827 1826/1826
f 1828/1828 1719/1719 1829/1829
f 1719/1719 1718/1718 1829/1829
f 1788/1788 1711/1711 1734/1734
f 1734/1734 1711/1711 1712/1712
f 1830/1830 1790/1790 1789/1789
f 1821/1821 1716/1716 1778/1778
f 1778/1778 1716/1716 1823/1823
f 1823/1823 1716/1716 1824/1824
f 1831/1831 1832/1832 1833/1833
f 1832/1832 1834/1834 1833/1833
f 1735/1735 1834/1834 1733/1733
f 1834/1834 1832/1832 1733/1733
f 1835/1835 1836/1836 1837/1837
f 1836/1836 1838/1838 1837/1837
f 1733/1733 1839/1839 1787/1787
f 1839/1839 1840/1840 1787/1787
f 1779/1779 1841/1841 1777/1777
f 1841/1841 1842/1842 1777/1777
f 1843/1843 1840/1840 1844/1844
f 1840/1840 1839/1839 1844/1844
f 1845/1845 1838/1838 1846/1846
f 1838/1838 1836/1836 1846/1846
f 1796/1796 1763/1763 1736/1736
f 1763/1763 1761/1761 1736/1736
f 1847/1847 1842/1842 1848/1848
f 1842/1842 1841/1841 1848/1848
f 1849/1849 1850/1850 1851/1851
f 1830/1830 1852/1852 1851/1851
f 1853/1853 1854/1854 1855/1855
f 1854/1854 1856/1856 1855/1855
f 1857/1857 1858/1858 1859/1859
f 1858/1858 1860/1860 1859/1859
f 1861/1861 1793/1793 1820/1820
f 1793/1793 1794/1794 1820/1820
f 1785/1785 1856/1856 1709/1709
f 1856/1856 1854/1854 1709/1709
f 1736/1736 1749/1749 1735/1735
f 1749/1749 1747/1747 1735/1735
f 1862/1862 1860/1860 1781/1781
f 1860/1860 1858/1858 1781/1781
usemtl head
f 1863/1863 1864/1864 1865/1865
f 1865/1865 1864/1864 1866/1866
f 1867/1867 1864/1864 1863/1863
f 1868/1868 1869/1869 1867/1867
f 1870/1870 1869/1869 1868/1868
f 1867/1867 1863/1863 1868/1868
f 1871/1871 1872/1872 1873/1873
f 1873/1873 1872/1872 1874/1874
f 1869/1869 1870/1870 1875/1875
f 1875/1875 1870/1870 1876/1876
f 1867/1867 1877/1877 1878/1878
f 1879/1879 1880/1880 1881/1881
f 1869/1869 1882/1882 1867/1867
f 1867/1867 1882/1882 1877/1877
f 1883/1883 1884/1884 1885/1885
f 1885/1885 1884/1884 1886/1886
f 1886/1886 1884/1884 1887/1887
f 1888/1888 1889/1889 1890/1890
f 1890/1890 1889/1889 1891/1891
f 1892/1892 1893/1893 1894/1894
f 1884/1884 1895/1895 1887/1887
f 1887/1887 1895/1895 1896/1896
f 1883/1883 1897/1897 1898/1898
f 1898/1898 1897/1897 1899/1899
f 1885/1885 1900/1900 1883/1883
f 1883/1883 1900/1900 1897/1897
f 1864/1864 1867/1867 1878/1878
f 1901/1901 1902/1902 1903/1903
f 1904/1904 1905/1905 1906/1906
f 1906/1906 1905/1905 1907/1907
f 1908/1908 1909/1909 1910/1910
f 1908/1908 1910/1910 1911/1911
f 1872/1872 1865/1865 1874/1874
f 1874/1874 1865/1865 1912/1912
f 1865/1865 1913/1913 1912/1912
f 1912/1912 1913/1913 1914/1914
f 1915/1915 1916/1916 1873/1873
f 1873/1873 1916/1916 1871/1871
f 1865/1865 1866/1866 1913/1913
f 1913/1913 1866/1866 1917/1917
f 1913/1913 1917/1917 1918/1918
f 1919/1919 1920/1920 1921/1921
f 1921/1921 1914/1914 1918/1918
f 1889/1889 1919/1919 1921/1921
f 1922/1922 1889/1889 1923/1923
f 1870/1870 1922/1922 1923/1923
f 1889/1889 1922/1922 1919/1919
f 1924/1924 1925/1925 1926/1926
f 1924/1924 1926/1926 1927/1927
f 1923/1923 1876/1876 1870/1870
f 1923/1923 1889/1889 1888/1888
f 1921/1921 1891/1891 1889/1889
f 1928/1928 1929/1929 1930/1930
f 1931/1931 1932/1932 1933/1933
f 1931/1931 1933/1933 1934/1934
f 1935/1935 1936/1936 1937/1937
f 1937/1937 1936/1936 1938/1938
f 1924/1924 1927/1927 1914/1914
f 1914/1914 1927/1927 1912/1912
f 1915/1915 1926/1926 1916/1916
f 1916/1916 1926/1926 1925/1925
f 1914/1914 1913/1913 1918/1918
f 1939/1939 1940/1940 1941/1941
f 1942/1942 1943/1943 1940/1940
f 1881/1881 1944/1944 1879/1879
f 1945/1945 1946/1946 1947/1947
f 1948/1948 1949/1949 1950/1950
f 1942/1942 1951/1951 1943/1943
f 1952/1952 1953/1953 1954/1954
f 1945/1945 1894/1894 1955/1955
f 1955/1955 1894/1894 1893/1893
f 1942/1942 1944/1944 1881/1881
f 1940/1940 1939/1939 1944/1944
f 1944/1944 1939/1939 1956/1956
f 1956/1956 1939/1939 1957/1957
f 1956/1956 1957/1957 1879/1879
f 1942/1942 1940/1940 1944/1944
f 1881/1881 1951/1951 1942/1942
f 1957/1957 1939/1939 1958/1958
f 1958/1958 1939/1939 1959/1959
f 1958/1958 1959/1959 1960/1960
f 1958/1958 1960/1960 1961/1961
f 1962/1962 1963/1963 1964/1964
f 1945/1945 1964/1964 1946/1946
f 1964/1964 1955/1955 1962/1962
f 1962/1962 1955/1955 1965/1965
f 1962/1962 1965/1965 1966/1966
f 1966/1966 1965/1965 1893/1893
f 1945/1945 1955/1955 1964/1964
f 1894/1894 1945/1945 1947/1947
f 1966/1966 1967/1967 1962/1962
f 1962/1962 1967/1967 1968/1968
f 1968/1968 1967/1967 1960/1960
f 1960/1960 1967/1967 1961/1961
f 1969/1969 1970/1970 1971/1971
f 1971/1971 1970/1970 1972/1972
f 1971/1971 1972/1972 1973/1973
f 1973/1973 1972/1972 1974/1974
f 1975/1975 1974/1974 1976/1976
f 1952/1952 1954/1954 1977/1977
f 1977/1977 1954/1954 1978/1978
f 1977/1977 1978/1978 1979/1979
f 1898/1898 1895/1895 1883/1883
f 1895/1895 1884/1884 1883/1883
f 1970/1970 1980/1980 1981/1981
f 1981/1981 1980/1980 1982/1982
f 1978/1978 1950/1950 1979/1979
f 1979/1979 1950/1950 1949/1949
f 1983/1983 1984/1984 1985/1985
f 1986/1986 1974/1974 1972/1972
f 1987/1987 1954/1954 1953/1953
f 1988/1988 1970/1970 1989/1989
f 1987/1987 1984/1984 1983/1983
f 1954/1954 1987/1987 1978/1978
f 1978/1978 1987/1987 1983/1983
f 1978/1978 1983/1983 1990/1990
f 1991/1991 1992/1992 1993/1993
f 1993/1993 1994/1994 1995/1995
f 1996/1996 1997/1997 1991/1991
f 1991/1991 1971/1971 1992/1992
f 1969/1969 1971/1971 1996/1996
f 1996/1996 1982/1982 1980/1980
f 1983/1983 1998/1998 1999/1999
f 2000/2000 1991/1991 1993/1993
f 1990/1990 1948/1948 1950/1950
f 2001/2001 2002/2002 1996/1996
f 1990/1990 1983/1983 1999/1999
f 1950/1950 1978/1978 1990/1990
f 1998/1998 1983/1983 1985/1985
f 1992/1992 1971/1971 1973/1973
f 2003/2003 2004/2004 2005/2005
f 2004/2004 2006/2006 2005/2005
f 2007/2007 2008/2008 2009/2009
f 2009/2009 2008/2008 2010/2010
f 2010/2010 2008/2008 2011/2011
f 2011/2011 2008/2008 2012/2012
f 2012/2012 2008/2008 2013/2013
f 2014/2014 2015/2015 2016/2016
f 2015/2015 2017/2017 2016/2016
f 2018/2018 2008/2008 2007/2007
f 2019/2019 2013/2013 2008/2008
f 2020/2020 2008/2008 2018/2018
f 2019/2019 2008/2008 2020/2020
f 2021/2021 2022/2022 2023/2023
f 2023/2023 2022/2022 2024/2024
f 2023/2023 2024/2024 2025/2025
f 2023/2023 2025/2025 2026/2026
f 2023/2023 2026/2026 2027/2027
f 2028/2028 2029/2029 2030/2030
f 2029/2029 2031/2031 2030/2030
f 2032/2032 2021/2021 2023/2023
f 2033/2033 2023/2023 2027/2027
f 2034/2034 2032/2032 2023/2023
f 2033/2033 2034/2034 2023/2023
f 2035/2035 2036/2036 2037/2037
f 2036/2036 2038/2038 2039/2039
f 2039/2039 2038/2038 2040/2040
f 2038/2038 2041/2041 2040/2040
f 2042/2042 2043/2043 2044/2044
f 2045/2045 2046/2046 2047/2047
f 2040/2040 2041/2041 2030/2030
f 2041/2041 2028/2028 2030/2030
f 2048/2048 2031/2031 2049/2049
f 2031/2031 2029/2029 2049/2049
f 2050/2050 2048/2048 2051/2051
f 2048/2048 2049/2049 2051/2051
f 2043/2043 2052/2052 2053/2053
f 2052/2052 2054/2054 2053/2053
f 2047/2047 2050/2050 2055/2055
f 2050/2050 2051/2051 2055/2055
f 2056/2056 2057/2057 2058/2058
f 2057/2057 2059/2059 2058/2058
f 2060/2060 2061/2061 2062/2062
f 2061/2061 2063/2063 2062/2062
f 2017/2017 2015/2015 2064/2064
f 2015/2015 2065/2065 2064/2064
f 2064/2064 2065/2065 2066/2066
f 2065/2065 2067/2067 2068/2068
f 2069/2069 2014/2014 2070/2070
f 2014/2014 2016/2016 2070/2070
f 2071/2071 2069/2069 2072/2072
f 2069/2069 2070/2070 2072/2072
f 2061/2061 2073/2073 2074/2074
f 2073/2073 2075/2075 2074/2074
f 2062/2062 2071/2071 2060/2060
f 2071/2071 2072/2072 2060/2060
f 2076/2076 2077/2077 2078/2078
f 2068/2068 2067/2067 2078/2078
f 2079/2079 2080/2080 2081/2081
f 2082/2082 2083/2083 2084/2084
f 2085/2085 2086/2086 2087/2087
f 2088/2088 2082/2082 2084/2084
f 2089/2089 2090/2090 2091/2091
f 2092/2092 2093/2093 2094/2094
f 2095/2095 2096/2096 2097/2097
f 2098/2098 2092/2092 2094/2094
f 2099/2099 2100/2100 2101/2101
f 2101/2101 2100/2100 2102/2102
f 2101/2101 2103/2103 2104/2104
f 2105/2105 2106/2106 2107/2107
f 2108/2108 2109/2109 2110/2110
f 2110/2110 2109/2109 2111/2111
f 2110/2110 2112/2112 2113/2113
f 2114/2114 2115/2115 2116/2116
